TIME,MOC,MOU,MTC,MTU
16:00:00,931,511,693,420
16:00:10,847,553,532,315
16:00:20,854,462,707,301
16:00:30,973,588,616,350
16:00:40,826,420,672,357
16:00:50,945,532,749,287
16:01:00,910,546,679,301
16:01:10,931,511,693,406
16:01:20,1022,462,721,259
16:01:30,854,546,665,329
16:01:40,812,518,686,336
16:01:50,742,483,644,259
16:02:00,889,385,805,259
16:02:10,861,420,693,371
16:02:20,798,504,714,280
16:02:30,833,483,553,336
16:02:40,931,490,602,322
16:02:50,868,406,791,399
16:03:00,889,504,693,322
16:03:10,868,448,595,301
16:03:20,756,560,700,378
16:03:30,1001,609,644,315
16:03:40,812,560,630,385
16:03:50,770,364,693,259
16:04:00,903,553,770,371
16:04:10,931,532,812,385
16:04:20,833,511,658,350
16:04:30,791,567,749,294
16:04:40,959,525,749,350
16:04:50,742,504,602,371
16:05:00,833,518,658,301
16:05:10,959,469,616,273
16:05:20,742,539,686,329
16:05:30,882,518,609,427
16:05:40,1001,616,616,322
16:05:50,861,462,651,357
16:06:00,959,427,728,266
16:06:10,819,511,630,301
16:06:20,819,504,644,336
16:06:30,847,602,588,371
16:06:40,903,469,637,294
16:06:50,854,441,707,280
16:07:00,798,490,707,315
16:07:10,700,518,588,329
16:07:20,952,329,581,231
16:07:30,791,441,581,273
16:07:40,812,609,665,336
16:07:50,763,553,686,399
16:08:00,889,476,686,280
16:08:10,693,546,644,336
16:08:20,826,434,707,238
16:08:30,882,567,777,336
16:08:40,763,518,686,245
16:08:50,987,511,714,280
16:09:00,763,567,749,364
16:09:10,952,630,693,357
16:09:20,784,539,812,357
16:09:30,875,518,798,280
16:09:40,777,476,623,231
16:09:50,791,616,672,378
16:10:00,1036,455,651,294
16:10:10,854,455,693,308
16:10:20,910,469,742,280
16:10:30,819,469,721,322
16:10:40,763,546,574,364
16:10:50,889,469,609,364
16:11:00,784,553,763,392
16:11:10,819,469,588,308
16:11:20,742,609,728,434
16:11:30,875,560,651,322
16:11:40,868,455,756,315
16:11:50,791,518,665,364
16:12:00,973,497,679,350
16:12:10,896,525,700,308
16:12:20,952,532,714,343
16:12:30,742,609,546,406
16:12:40,833,525,770,371
16:12:50,847,518,602,371
16:13:00,791,602,651,301
16:13:10,840,490,679,392
16:13:20,805,490,707,308
16:13:30,959,574,700,287
16:13:40,784,483,539,322
16:13:50,714,413,721,329
16:14:00,889,483,693,245
16:14:10,805,518,819,350
16:14:20,805,469,637,378
16:14:30,861,490,658,343
16:14:40,861,490,665,336
16:14:50,812,616,665,448
16:15:00,945,455,616,336
16:15:10,791,483,574,294
16:15:20,819,434,553,210
16:15:30,931,497,700,357
16:15:40,763,448,714,329
16:15:50,784,427,616,308
16:16:00,952,434,728,329
16:16:10,854,490,728,336
16:16:20,924,476,630,259
16:16:30,721,399,609,294
16:16:40,896,469,686,273
16:16:50,966,448,651,287
16:17:00,763,490,651,420
16:17:10,777,455,707,315
16:17:20,938,581,637,406
16:17:30,700,497,742,315
16:17:40,763,441,714,315
16:17:50,994,504,714,329
16:18:00,917,490,623,336
16:18:10,735,602,658,413
16:18:20,707,504,602,315
16:18:30,840,602,749,308
16:18:40,882,525,609,343
16:18:50,847,462,714,308
16:19:00,917,567,623,287
16:19:10,812,581,602,315
16:19:20,889,539,784,364
16:19:30,959,532,728,343
16:19:40,938,413,644,301
16:19:50,623,504,588,287
16:20:00,819,532,742,378
16:20:10,847,672,609,490
16:20:20,665,455,686,266
16:20:30,805,546,532,371
16:20:40,868,525,742,322
16:20:50,784,469,616,357
16:21:00,798,581,693,399
16:21:10,777,476,651,350
16:21:20,1029,518,686,385
16:21:30,861,518,623,357
16:21:40,924,609,777,455
16:21:50,742,532,686,350
16:22:00,938,553,616,385
16:22:10,931,588,686,399
16:22:20,826,483,637,329
16:22:30,1001,469,707,378
16:22:40,840,399,714,203
16:22:50,847,399,728,427
16:23:00,889,462,644,252
16:23:10,917,469,644,280
16:23:20,1064,525,763,336
16:23:30,861,504,581,371
16:23:40,693,483,784,322
16:23:50,742,602,665,301
16:24:00,805,434,721,287
16:24:10,742,504,651,406
16:24:20,784,490,679,280
16:24:30,728,476,595,329
16:24:40,833,462,525,322
16:24:50,889,448,644,280
16:25:00,770,476,658,343
16:25:10,889,539,679,350
16:25:20,826,343,595,357
16:25:30,980,511,742,217
16:25:40,784,539,560,406
16:25:50,875,378,763,245
16:26:00,861,553,700,294
16:26:10,763,476,658,245
16:26:20,721,511,630,336
16:26:30,896,378,623,273
16:26:40,833,483,623,294
16:26:50,749,567,679,308
16:27:00,903,497,609,350
16:27:10,812,455,630,280
16:27:20,735,518,658,266
16:27:30,742,476,644,294
16:27:40,896,665,658,385
16:27:50,952,525,630,315
16:28:00,770,581,539,315
16:28:10,700,546,616,301
16:28:20,700,511,686,294
16:28:30,917,469,700,252
16:28:40,763,616,672,294
16:28:50,903,490,700,252
16:29:00,805,595,679,357
16:29:10,840,532,749,329
16:29:20,938,574,756,357
16:29:30,840,434,588,273
16:29:40,987,427,672,350
16:29:50,847,490,770,329
16:30:00,728,385,644,252
16:30:10,889,504,644,301
16:30:20,1008,476,805,371
16:30:30,833,518,651,378
16:30:40,833,525,679,336
16:30:50,868,658,595,385
16:31:00,847,588,777,413
16:31:10,952,497,728,294
16:31:20,903,469,714,371
16:31:30,924,560,616,399
16:31:40,917,413,672,287
16:31:50,812,539,756,399
16:32:00,903,581,728,420
16:32:10,791,553,728,343
16:32:20,903,518,749,273
16:32:30,945,567,707,315
16:32:40,889,504,749,308
16:32:50,812,441,679,322
16:33:00,1029,427,798,329
16:33:10,777,420,665,406
16:33:20,896,455,679,364
16:33:30,840,448,672,329
16:33:40,854,574,756,378
16:33:50,959,553,728,301
16:34:00,875,469,672,329
16:34:10,973,462,784,350
16:34:20,791,504,637,336
16:34:30,826,539,644,287
16:34:40,1008,420,686,294
16:34:50,840,490,567,252
16:35:00,896,602,560,455
16:35:10,567,497,490,385
16:35:20,1120,427,623,203
16:35:30,4018,1834,2380,1127
16:35:40,3675,3395,1897,2352
16:35:50,3080,4844,1295,3157
16:36:00,2849,4641,1155,3822
16:36:10,2982,4557,1281,3150
16:36:20,2821,3248,1603,2562
16:36:30,1967,1729,1911,2247
16:36:40,1834,1533,2149,1288
16:36:50,1960,1561,2128,1512
16:37:00,2114,1736,2338,1197
16:37:10,2037,1610,1827,1316
16:37:20,2086,1421,1820,1141
16:37:30,1883,1302,1715,1267
16:37:40,1953,1288,1792,1169
16:37:50,1582,1386,1631,1001
16:38:00,1624,1456,1582,1141
16:38:10,1750,1638,1953,1673
16:38:20,1645,1638,1988,1911
16:38:30,1708,1736,1778,1883
16:38:40,1750,1589,1645,2002
16:38:50,1554,1659,1750,2212
16:39:00,1512,1701,1309,1869
16:39:10,1491,1617,1673,1813
16:39:20,1470,1778,1631,1897
16:39:30,1638,1645,1400,1575
16:39:40,1421,1659,1442,1610
16:39:50,1393,1687,1218,1750
16:40:00,1344,1393,1239,1596
16:40:10,1253,1421,1239,1505
16:40:20,1365,1267,1099,1386
16:40:30,1330,1603,1176,1673
16:40:40,1218,1463,1239,1442
16:40:50,1435,1484,1148,1456
16:41:00,1190,1435,1218,1498
16:41:10,1372,1379,1337,1442
16:41:20,1148,1491,1162,1694
16:41:30,1155,1449,1358,1610
16:41:40,994,1351,1204,1680
16:41:50,1183,1316,1246,1764
16:42:00,1148,1505,1134,1876
16:42:10,1162,1463,1204,1778
16:42:20,1218,1323,1211,1694
16:42:30,1344,1281,1379,1876
16:42:40,1029,1449,1155,1575
16:42:50,1029,1449,1372,1715
16:43:00,1211,1330,1197,1631
16:43:10,1127,1295,1281,1687
16:43:20,1232,1295,1281,1862
16:43:30,1022,1309,1239,1841
16:43:40,1008,1540,1302,2100
16:43:50,1197,1225,1316,1505
16:44:00,1008,1323,1176,1883
16:44:10,1197,1141,1218,1890
16:44:20,1064,1260,1302,1806
16:44:30,1127,1379,1281,1995
16:44:40,1162,1232,1253,1862
16:44:50,1162,1316,1449,1813
16:45:00,1127,1295,1421,1890
16:45:10,1197,1379,1330,1652
16:45:20,1155,1225,1519,1722
16:45:30,1351,1393,1512,1652
16:45:40,1162,1477,1610,1484
16:45:50,1106,1540,1589,1400
16:46:00,1316,1386,1862,1204
16:46:10,1183,1365,1673,1085
16:46:20,1288,1351,1624,1225
16:46:30,1246,1351,1666,1085
16:46:40,1232,1358,1659,980
16:46:50,1344,1379,1533,1120
16:47:00,1190,1386,1624,1106
16:47:10,1330,1358,1526,1071
16:47:20,1050,1456,1708,1162
16:47:30,1288,1274,1449,847
16:47:40,1211,1253,1428,994
16:47:50,1204,1456,1561,1134
16:48:00,1204,1456,1484,1099
16:48:10,1190,1344,1638,980
16:48:20,1134,1281,1470,1001
16:48:30,1225,1190,1575,1120
16:48:40,1099,1379,1372,987
16:48:50,1204,1274,1316,1064
16:49:00,1148,1281,1498,1015
16:49:10,1050,1309,1344,938
16:49:20,1218,1246,1386,938
16:49:30,1183,1190,1477,910
16:49:40,987,1358,1274,987
16:49:50,1043,1190,1477,1057
16:50:00,1204,1141,1533,889
16:50:10,1057,1232,1260,952
16:50:20,1141,1155,1141,938
16:50:30,1274,1078,1386,959
16:50:40,1071,1295,1197,917
16:50:50,1176,1113,1246,903
16:51:00,1071,1078,1099,903
16:51:10,1071,1113,1260,875
16:51:20,1057,1302,1295,1036
16:51:30,1099,1106,1253,861
16:51:40,1050,1036,1239,868
16:51:50,917,1204,1148,917
16:52:00,966,1148,1148,819
16:52:10,1064,1141,1246,763
16:52:20,938,1134,1106,889
16:52:30,959,1064,1288,777
16:52:40,805,1148,1148,910
16:52:50,1057,1036,1120,917
16:53:00,980,1085,1204,791
16:53:10,1064,1022,1274,861
16:53:20,1001,1022,1323,777
16:53:30,1057,1071,1239,728
16:53:40,994,1001,1169,833
16:53:50,938,1127,1218,1008
16:54:00,1043,1176,1113,847
16:54:10,917,973,1330,770
16:54:20,1022,1064,1232,945
16:54:30,1015,1036,1001,777
16:54:40,1099,1043,1197,854
16:54:50,1022,1057,1169,728
16:55:00,994,1225,1232,917
16:55:10,959,1071,1008,882
16:55:20,980,1106,1246,826
16:55:30,1036,1085,1036,833
16:55:40,889,903,1120,595
16:55:50,924,1197,1162,868
16:56:00,1092,882,1092,791
16:56:10,938,952,1064,707
16:56:20,826,1022,1064,791
16:56:30,861,1064,1001,735
16:56:40,798,868,1148,735
16:56:50,854,924,1029,812
16:57:00,784,1036,959,924
16:57:10,861,903,1092,693
16:57:20,812,882,1134,693
16:57:30,903,980,1162,896
16:57:40,938,938,1162,672
16:57:50,868,931,1099,784
16:58:00,812,861,1071,777
16:58:10,1036,938,1148,756
16:58:20,917,882,1029,770
16:58:30,959,1036,987,861
16:58:40,798,1057,1106,791
16:58:50,826,931,1071,791
16:59:00,812,987,1106,896
16:59:10,1078,1015,1057,812
16:59:20,861,1022,1162,805
16:59:30,966,931,1155,721
16:59:40,924,847,1176,665
16:59:50,847,847,1106,749
17:00:00,791,966,1050,721
17:00:10,847,840,1134,777
17:00:20,1064,952,1190,658
17:00:30,826,1057,1071,854
17:00:40,826,854,1099,714
17:00:50,1015,833,1141,644
17:01:00,854,812,1162,679
17:01:10,840,847,1085,679
17:01:20,1043,987,980,693
17:01:30,889,973,1036,798
17:01:40,868,812,1134,742
17:01:50,903,854,910,777
17:02:00,854,973,1085,686
17:02:10,1043,889,1260,847
17:02:20,812,777,1050,672
17:02:30,959,889,1036,714
17:02:40,840,903,1043,644
17:02:50,812,917,966,728
17:03:00,791,1134,1120,889
17:03:10,966,1029,1085,805
17:03:20,910,917,1099,840
17:03:30,861,938,1071,728
17:03:40,980,1029,1190,798
17:03:50,980,1001,1302,924
17:04:00,938,861,1183,777
17:04:10,805,1008,1204,903
17:04:20,889,1120,1190,1057
17:04:30,1071,847,1190,651
17:04:40,805,1078,1211,1057
17:04:50,945,812,1218,763
17:05:00,931,980,1288,924
17:05:10,938,987,1351,756
17:05:20,903,1162,1393,896
17:05:30,959,1036,1197,980
17:05:40,945,1001,1365,826
17:05:50,805,1197,1295,896
17:06:00,987,1162,1568,882
17:06:10,952,1099,1288,875
17:06:20,1064,1092,1344,966
17:06:30,819,966,1372,1008
17:06:40,959,924,1232,763
17:06:50,1050,1064,1449,1050
17:07:00,1036,994,1330,1022
17:07:10,1099,1106,1463,854
17:07:20,931,1148,1449,763
17:07:30,980,1183,1575,1120
17:07:40,889,1008,1659,966
17:07:50,903,1148,1575,1008
17:08:00,875,1169,1393,1092
17:08:10,945,1106,1484,973
17:08:20,833,1078,1428,945
17:08:30,903,1043,1309,1099
17:08:40,959,1099,1491,1092
17:08:50,1029,1036,1477,994
17:09:00,987,1211,1316,966
17:09:10,945,1120,1281,861
17:09:20,945,1036,1372,952
17:09:30,910,1204,1484,1078
17:09:40,1043,1134,1351,784
17:09:50,1050,1099,1281,1008
17:10:00,959,966,1274,840
17:10:10,959,938,1358,938
17:10:20,1008,1036,1435,910
17:10:30,938,1022,1407,875
17:10:40,924,1169,1617,903
17:10:50,784,1127,1316,952
17:11:00,966,1085,1428,1092
17:11:10,882,896,1253,819
17:11:20,819,910,1071,826
17:11:30,952,987,924,609
17:11:40,1022,966,826,511
17:11:50,973,1064,714,518
17:12:00,847,1183,756,609
17:12:10,826,973,847,518
17:12:20,826,1113,847,623
17:12:30,840,1113,812,630
17:12:40,882,1008,868,602
17:12:50,854,1092,805,588
17:13:00,854,987,826,462
17:13:10,728,1022,805,560
17:13:20,798,1071,798,623
17:13:30,770,1225,952,630
17:13:40,882,1148,1169,658
17:13:50,931,1211,1029,658
17:14:00,973,1155,973,602
17:14:10,700,1281,966,623
17:14:20,861,1099,938,602
17:14:30,812,1197,854,672
17:14:40,861,1134,917,595
17:14:50,840,1155,938,679
17:15:00,707,1057,1022,609
17:15:10,826,1330,868,588
17:15:20,910,966,973,574
17:15:30,735,1071,959,651
17:15:40,917,1141,987,602
17:15:50,861,1232,931,630
17:16:00,938,1036,868,609
17:16:10,644,1148,1036,588
17:16:20,784,1162,875,630
17:16:30,826,938,854,560
17:16:40,903,1092,861,560
17:16:50,882,1134,931,490
17:17:00,896,1099,980,525
17:17:10,882,1120,882,518
17:17:20,889,959,952,539
17:17:30,973,1099,917,588
17:17:40,910,1029,861,630
17:17:50,1008,1050,938,581
17:18:00,826,1071,875,574
17:18:10,791,1085,889,644
17:18:20,980,1001,1022,553
17:18:30,938,1099,931,532
17:18:40,917,980,924,567
17:18:50,1127,896,966,511
17:19:00,847,994,938,574
17:19:10,938,1057,889,532
17:19:20,966,1008,938,497
17:19:30,896,959,910,651
17:19:40,959,1036,1015,574
17:19:50,910,1071,994,511
17:20:00,966,1078,1134,462
17:20:10,805,1120,1057,553
17:20:20,938,1036,973,553
17:20:30,798,1078,1029,504
17:20:40,847,1029,1022,546
17:20:50,1078,945,980,483
17:21:00,875,910,924,658
17:21:10,1015,994,938,623
17:21:20,840,1050,952,532
17:21:30,910,1057,861,644
17:21:40,910,966,994,504
17:21:50,973,1092,1141,693
17:22:00,973,1330,1092,707
17:22:10,980,1141,1134,525
17:22:20,903,1043,1008,504
17:22:30,931,952,1029,546
17:22:40,987,1064,952,574
17:22:50,1015,1127,1008,560
17:23:00,959,917,875,630
17:23:10,994,1043,917,588
17:23:20,875,987,1008,532
17:23:30,966,1092,882,602
17:23:40,896,1022,1092,504
17:23:50,847,1078,924,595
17:24:00,840,1015,868,553
17:24:10,840,1050,980,567
17:24:20,945,1064,1015,532
17:24:30,1022,910,931,581
17:24:40,1029,1057,938,539
17:24:50,980,1001,1036,483
17:25:00,903,1064,840,616
17:25:10,812,931,826,532
17:25:20,896,1099,917,609
17:25:30,931,1064,1092,546
17:25:40,749,945,875,560
17:25:50,805,973,1036,504
17:26:00,861,903,994,490
17:26:10,952,1134,924,560
17:26:20,973,917,1029,518
17:26:30,1022,945,1001,434
17:26:40,959,875,959,476
17:26:50,868,1092,1022,637
17:27:00,903,987,1015,588
17:27:10,875,966,1022,511
17:27:20,868,1036,1043,427
17:27:30,847,1211,987,448
17:27:40,910,987,1029,574
17:27:50,924,1050,931,665
17:28:00,952,1141,868,581
17:28:10,1022,903,1015,483
17:28:20,896,994,903,560
17:28:30,987,980,1001,504
17:28:40,875,1078,938,434
17:28:50,742,1064,931,504
17:29:00,889,1001,910,518
17:29:10,805,1092,819,504
17:29:20,952,966,1064,420
17:29:30,840,1015,938,462
17:29:40,903,952,812,574
17:29:50,1008,1001,854,553
17:30:00,903,1113,847,490
17:30:10,812,917,938,525
17:30:20,875,1029,987,455
17:30:30,917,973,959,455
17:30:40,791,1022,1043,469
17:30:50,917,903,966,504
17:31:00,938,1008,1050,602
17:31:10,882,1099,1197,427
17:31:20,868,1078,1120,602
17:31:30,798,1078,1099,553
17:31:40,791,924,1057,525
17:31:50,847,1274,1036,602
17:32:00,1120,1064,1148,539
17:32:10,840,994,1099,609
17:32:20,945,1141,987,637
17:32:30,896,903,1134,476
17:32:40,833,1057,987,651
17:32:50,973,1001,1071,483
17:33:00,749,1078,1204,539
17:33:10,980,1029,1057,679
17:33:20,994,1036,1029,567
17:33:30,868,924,1218,469
17:33:40,945,1211,1141,679
17:33:50,966,1106,1848,1022
17:34:00,1085,1113,1680,917
17:34:10,1022,987,1841,910
17:34:20,1064,1036,1876,987
17:34:30,1218,1064,1750,917
17:34:40,1092,1099,1757,924
17:34:50,1050,1141,1680,1113
17:35:00,1106,945,1554,945
17:35:10,1232,1015,1561,952
17:35:20,903,980,1680,833
17:35:30,1043,1134,1505,924
17:35:40,1211,980,1687,889
17:35:50,1141,931,1708,973
17:36:00,1092,1029,1561,917
17:36:10,1176,917,1421,1029
17:36:20,1092,973,1687,896
17:36:30,1155,980,1729,868
17:36:40,1057,1001,1344,1148
17:36:50,1022,1029,1484,945
17:37:00,1043,994,1554,938
17:37:10,1022,994,1561,952
17:37:20,1008,973,1428,861
17:37:30,952,868,1848,854
17:37:40,1099,1099,1673,952
17:37:50,938,1071,1624,931
17:38:00,1092,1036,1519,1001
17:38:10,966,896,1568,959
17:38:20,1134,910,1561,931
17:38:30,1190,966,1526,882
17:38:40,1092,854,1589,875
17:38:50,1239,1099,1519,903
17:39:00,1043,875,1505,875
17:39:10,1099,945,1442,938
17:39:20,1078,987,1610,896
17:39:30,1162,819,1624,868
17:39:40,910,952,1302,812
17:39:50,1155,952,1638,819
17:40:00,1148,791,1596,826
17:40:10,1127,952,1470,889
17:40:20,1001,924,1351,882
17:40:30,1022,889,1498,994
17:40:40,1092,1078,1428,875
17:40:50,1064,812,1309,889
17:41:00,1092,833,1337,931
17:41:10,1092,847,1470,840
17:41:20,959,938,1435,896
17:41:30,1113,840,1596,791
17:41:40,1008,889,1435,700
17:41:50,945,917,1463,805
17:42:00,1015,1001,1526,728
17:42:10,1015,952,1540,868
17:42:20,945,924,1365,777
17:42:30,1183,819,1547,966
17:42:40,1036,875,1330,910
17:42:50,1134,826,1442,868
17:43:00,1120,875,1743,840
17:43:10,1092,952,1463,910
17:43:20,1211,798,1484,791
17:43:30,917,917,1568,798
17:43:40,987,917,1596,588
17:43:50,1029,812,1519,840
17:44:00,1092,833,1400,658
17:44:10,1204,938,1491,882
17:44:20,1183,812,1540,868
17:44:30,1260,651,1645,700
17:44:40,1050,868,1442,854
17:44:50,1064,721,1547,777
17:45:00,966,959,1365,798
17:45:10,1197,847,1589,721
17:45:20,1099,854,1687,756
17:45:30,1071,847,1603,798
17:45:40,889,826,1449,658
17:45:50,1043,889,1624,868
17:46:00,1057,903,1596,686
17:46:10,1302,770,1617,714
17:46:20,1113,833,1645,819
17:46:30,1225,980,1568,882
17:46:40,994,875,1533,959
17:46:50,1274,882,1505,770
17:47:00,1183,812,1729,784
17:47:10,1190,875,1659,896
17:47:20,1218,896,1428,812
17:47:30,1274,1008,1526,931
17:47:40,1386,903,1575,833
17:47:50,1351,980,1631,756
17:48:00,1442,1029,1484,994
17:48:10,1386,903,1708,777
17:48:20,1624,1197,1477,917
17:48:30,1512,1239,1554,882
17:48:40,1743,980,1491,889
17:48:50,1834,1057,1547,1015
17:49:00,1526,1155,1575,805
17:49:10,1568,1323,1344,1057
17:49:20,1652,1232,1428,966
17:49:30,1596,1162,1519,952
17:49:40,1547,1211,1505,1071
17:49:50,1589,1218,1505,903
17:50:00,1680,1190,1764,938
17:50:10,1596,1141,1673,840
17:50:20,1540,1323,1701,1120
17:50:30,1666,1050,1617,861
17:50:40,1694,1211,1659,1050
17:50:50,1645,1302,1785,868
17:51:00,1421,1176,1344,980
17:51:10,1617,1351,1568,980
17:51:20,1526,1064,1547,784
17:51:30,1414,1162,1659,938
17:51:40,1575,1204,1540,1036
17:51:50,1547,1267,1568,952
17:52:00,1456,1113,1603,1008
17:52:10,1477,1127,1624,840
17:52:20,1519,1190,1386,945
17:52:30,1652,917,1477,833
17:52:40,1414,1127,1512,882
17:52:50,1477,1078,1547,903
17:53:00,1484,1050,1610,945
17:53:10,1533,1295,1701,917
17:53:20,1673,1190,1358,889
17:53:30,1533,1190,1442,952
17:53:40,1568,1183,1575,896
17:53:50,1694,1253,1421,966
17:54:00,1533,1218,1428,980
17:54:10,1820,1148,1617,742
17:54:20,1610,1295,1652,931
17:54:30,1701,1197,1519,833
17:54:40,1778,1239,1554,882
17:54:50,1624,1512,1505,1022
17:55:00,1890,1211,1694,931
17:55:10,1974,1414,1876,1099
17:55:20,1736,1379,1652,1001
17:55:30,2037,1351,1743,1064
17:55:40,1715,1393,1477,987
17:55:50,1820,1316,1456,1071
17:56:00,1673,1484,1666,1155
17:56:10,1918,1281,1449,1085
17:56:20,1736,1274,1645,1001
17:56:30,1799,1267,1715,1036
17:56:40,1827,1246,1498,903
17:56:50,1575,1295,1386,966
17:57:00,1813,1036,1680,896
17:57:10,1589,1330,1456,1008
17:57:20,1715,1169,1407,924
17:57:30,1890,1302,1456,959
17:57:40,1715,1365,1589,994
17:57:50,1603,1323,1344,1057
17:58:00,1701,1295,1540,1036
17:58:10,1575,1351,1456,910
17:58:20,1645,1141,1533,980
17:58:30,1589,1351,1505,987
17:58:40,1596,1309,1386,903
17:58:50,1862,1204,1771,875
17:59:00,1638,1330,1519,784
17:59:10,1785,1225,1659,840
17:59:20,1785,1344,1547,1106
17:59:30,1631,1386,1449,777
17:59:40,1624,1379,1582,1064
17:59:50,1827,1365,1414,847
18:00:00,1582,1484,1540,826
18:00:10,1834,1407,1351,938
18:00:20,1848,1421,1624,973
18:00:30,1960,1498,1596,1008
18:00:40,2107,1652,1771,1295
18:00:50,2058,1603,1834,1218
18:01:00,1932,1827,1869,1253
18:01:10,1918,1435,1771,1372
18:01:20,2128,1519,1855,1176
18:01:30,1750,1771,1680,1232
18:01:40,2037,1575,1806,1232
18:01:50,1862,1428,1813,1085
18:02:00,1694,1575,1988,1211
18:02:10,1897,1435,1820,1232
18:02:20,1925,1533,1869,1134
18:02:30,1897,1645,1736,1204
18:02:40,1617,1659,1876,1169
18:02:50,2023,1484,1876,1218
18:03:00,1862,1617,1988,1169
18:03:10,1743,1400,1911,1141
18:03:20,1736,1428,1673,1176
18:03:30,1932,1379,1743,1225
18:03:40,1911,1421,1876,1274
18:03:50,1813,1512,1792,1225
18:04:00,1883,1526,1883,1169
18:04:10,1890,1652,1946,1267
18:04:20,1869,1358,1932,1169
18:04:30,1988,1456,1820,1281
18:04:40,1883,1526,1813,1169
18:04:50,2002,1610,1932,1302
18:05:00,1799,1610,2009,1246
18:05:10,1722,1505,1827,1281
18:05:20,1834,1652,1813,1344
18:05:30,1827,1708,1561,1309
18:05:40,1722,1449,1715,1253
18:05:50,1771,1470,1834,1190
18:06:00,1946,1498,1939,1148
18:06:10,1743,1666,1799,1372
18:06:20,2072,1344,1876,1239
18:06:30,1645,1358,1911,1253
18:06:40,1932,1561,1988,1204
18:06:50,1673,1512,1736,1309
18:07:00,1925,1519,2037,1148
18:07:10,1911,1323,2016,1330
18:07:20,2163,1372,1932,1414
18:07:30,1848,1351,1855,1134
18:07:40,1624,1554,1848,1274
18:07:50,1960,1351,1764,1043
18:08:00,1862,1358,1820,1295
18:08:10,1778,1533,1680,1218
18:08:20,1638,1365,1750,1330
18:08:30,2030,1365,1701,1148
18:08:40,1820,1414,1680,1281
18:08:50,1904,1351,1778,1358
18:09:00,1869,1414,1575,1281
18:09:10,1743,1456,1708,1176
18:09:20,1701,1442,1743,1148
18:09:30,1687,1554,1617,1078
18:09:40,1743,1386,1799,1183
18:09:50,1715,1470,1652,1267
18:10:00,1764,1547,1771,1197
18:10:10,1694,1470,1701,1337
18:10:20,1708,1428,1778,1183
18:10:30,1610,1337,1666,1253
18:10:40,1974,1470,1925,1064
18:10:50,1645,1435,1680,1232
18:11:00,1960,1316,1729,1120
18:11:10,1659,1218,1813,1183
18:11:20,1883,1435,1708,1260
18:11:30,1848,1323,1526,1029
18:11:40,1834,1393,1722,1127
18:11:50,1526,1393,1568,1043
18:12:00,1757,1267,1673,1190
18:12:10,1792,1344,1708,1106
18:12:20,1596,1428,1540,1309
18:12:30,1757,1428,1743,1106
18:12:40,1876,1421,1729,1246
18:12:50,1862,1673,1715,1232
18:13:00,1736,1344,1694,1204
18:13:10,1757,1281,1498,1197
18:13:20,1820,1498,1848,1106
18:13:30,1708,1372,1750,1155
18:13:40,1722,1351,1540,1085
18:13:50,1575,1302,1757,1043
18:14:00,1715,1386,1631,1057
18:14:10,1778,1428,1722,1232
18:14:20,1610,1358,1561,1085
18:14:30,1792,1470,1736,1078
18:14:40,1764,1197,1841,1162
18:14:50,1722,1477,1638,1281
18:15:00,1799,1365,1645,1113
18:15:10,1617,1337,1764,1057
18:15:20,1799,1470,1547,1295
18:15:30,1743,1470,1484,1162
18:15:40,1617,1498,1519,1043
18:15:50,1848,1442,1561,1260
18:16:00,1687,1470,1687,1169
18:16:10,1792,1393,1589,1169
18:16:20,1925,1351,1834,952
18:16:30,1862,1421,1680,1169
18:16:40,1876,1582,1596,994
18:16:50,1806,1589,1526,1218
18:17:00,2205,1631,1792,1148
18:17:10,1883,1582,1617,1134
18:17:20,1918,1379,1659,1148
18:17:30,1603,1323,1561,1176
18:17:40,2023,1428,1477,1085
18:17:50,1890,1428,1589,1239
18:18:00,1883,1617,1477,1239
18:18:10,2037,1470,1757,1085
18:18:20,1904,1435,1596,1281
18:18:30,1869,1337,1554,1008
18:18:40,1967,1512,1596,1099
18:18:50,1827,1582,1568,1183
18:19:00,1799,1554,1456,1267
18:19:10,1834,1386,1631,1085
18:19:20,1890,1463,1540,1211
18:19:30,1792,1358,1470,889
18:19:40,1708,1407,1659,1022
18:19:50,2051,1484,1645,1036
18:20:00,1778,1631,1624,1099
18:20:10,1729,1456,1456,1043
18:20:20,2093,1596,1505,1022
18:20:30,2002,1554,1568,1204
18:20:40,2072,1512,1953,1176
18:20:50,1974,1638,1519,1043
18:21:00,1799,1617,1547,1218
18:21:10,1890,1519,1554,1155
18:21:20,2051,1568,1533,1197
18:21:30,1813,1575,1477,1253
18:21:40,2002,1491,1673,1211
18:21:50,1729,1491,1533,1155
18:22:00,2086,1379,1456,1078
18:22:10,1911,1456,1456,1078
18:22:20,2023,1428,1372,1001
18:22:30,1785,1659,1358,1001
18:22:40,2072,1386,1435,1141
18:22:50,2100,1533,1589,1169
18:23:00,1876,1400,1442,1043
18:23:10,1687,1456,1442,1309
18:23:20,2149,1470,1449,1064
18:23:30,2296,1519,1540,1099
18:23:40,1953,1512,1638,938
18:23:50,2086,1603,1645,1099
18:24:00,1848,1435,1519,1085
18:24:10,2044,1477,1400,1078
18:24:20,2030,1337,1610,1127
18:24:30,1806,1624,1519,1148
18:24:40,1911,1582,1533,1057
18:24:50,1883,1393,1449,1057
18:25:00,1995,1673,1470,1267
18:25:10,1939,1617,1512,1274
18:25:20,1932,1757,1624,1190
18:25:30,1834,1393,1526,1246
18:25:40,1974,1687,1540,1253
18:25:50,1722,1561,1512,1176
18:26:00,1785,1561,1547,1218
18:26:10,1813,1582,1638,1155
18:26:20,1911,1400,1687,1148
18:26:30,1890,1631,1652,1204
18:26:40,1988,1470,1729,1281
18:26:50,1897,1638,1708,1148
18:27:00,1897,1449,1519,1309
18:27:10,1946,1484,1575,1351
18:27:20,1932,1561,1687,1232
18:27:30,1855,1603,1498,1295
18:27:40,1757,1659,1673,1197
18:27:50,1876,1792,1589,1092
18:28:00,1974,1582,1638,1358
18:28:10,1974,1610,1512,1078
18:28:20,2079,1589,1610,1092
18:28:30,1960,1680,1722,1239
18:28:40,2058,1687,1582,1358
18:28:50,1932,1701,1645,1141
18:29:00,1953,1491,1645,1358
18:29:10,1995,1631,1498,1218
18:29:20,1862,1792,1526,1232
18:29:30,1820,1561,1596,1176
18:29:40,1939,1442,1666,1253
18:29:50,2051,1463,1645,1260
18:30:00,1673,1421,1540,1183
18:30:10,1778,1561,1414,1113
18:30:20,1708,1547,1582,1169
18:30:30,1806,1638,1568,1267
18:30:40,2058,1575,1582,1148
18:30:50,1869,1596,1680,1204
18:31:00,1743,1540,1456,1351
18:31:10,1953,1512,1687,1253
18:31:20,1911,1540,1631,1274
18:31:30,1806,1596,1729,1225
18:31:40,1778,1393,1505,1169
18:31:50,1883,1519,1589,1225
18:32:00,1806,1554,1778,1274
18:32:10,1988,1498,1645,1162
18:32:20,1680,1484,1575,1302
18:32:30,1939,1610,1694,1400
18:32:40,1841,1638,1561,1344
18:32:50,1729,1610,1610,1337
18:33:00,1659,1610,1582,1274
18:33:10,1827,1568,1722,1183
18:33:20,1953,1540,1680,1225
18:33:30,1722,1638,1806,1288
18:33:40,1848,1561,1785,1253
18:33:50,1862,1428,1652,1176
18:34:00,1785,1442,1694,1421
18:34:10,1897,1407,1659,1309
18:34:20,1827,1512,1561,1442
18:34:30,1757,1456,1449,1386
18:34:40,1820,1568,1736,1547
18:34:50,1652,1561,1715,1316
18:35:00,1715,1820,1659,1498
18:35:10,1659,1526,1729,1393
18:35:20,1981,1421,1638,1400
18:35:30,1708,1547,1610,1596
18:35:40,1876,1386,1407,1267
18:35:50,1841,1547,1491,1547
18:36:00,1610,1386,1498,1442
18:36:10,1792,1526,1575,1309
18:36:20,1799,1645,1414,1393
18:36:30,1841,1449,1498,1519
18:36:40,1778,1512,1533,1323
18:36:50,1708,1610,1736,1407
18:37:00,1806,1526,1526,1519
18:37:10,1953,1631,1568,1575
18:37:20,1778,1666,1519,1568
18:37:30,1666,1526,1652,1533
18:37:40,1778,1337,1568,1463
18:37:50,1988,1302,1659,1414
18:38:00,1932,1519,1470,1456
18:38:10,1708,1687,1645,1372
18:38:20,1638,1540,1393,1456
18:38:30,1792,1442,1575,1435
18:38:40,1771,1449,1617,1204
18:38:50,1568,1435,1610,1309
18:39:00,1575,1519,1428,1491
18:39:10,1596,1568,1421,1561
18:39:20,1799,1505,1463,1533
18:39:30,1694,1659,1547,1337
18:39:40,1645,1505,1540,1365
18:39:50,1757,1526,1449,1372
18:40:00,1785,1456,1512,1351
18:40:10,1792,1456,1428,1407
18:40:20,1631,1512,1414,1358
18:40:30,1554,1617,1519,1449
18:40:40,1722,1491,1477,1351
18:40:50,1960,1554,1596,1470
18:41:00,1946,1358,1477,1323
18:41:10,1715,1470,1512,1428
18:41:20,1876,1575,1323,1414
18:41:30,1582,1659,1372,1372
18:41:40,1568,1519,1393,1372
18:41:50,1757,1596,1498,1456
18:42:00,1708,1477,1666,1344
18:42:10,1848,1582,1596,1456
18:42:20,1659,1568,1561,1519
18:42:30,1624,1337,1526,1407
18:42:40,1659,1491,1582,1393
18:42:50,1680,1491,1463,1477
18:43:00,1680,1505,1540,1470
18:43:10,1533,1393,1484,1435
18:43:20,1505,1428,1400,1463
18:43:30,1428,1323,1540,1477
18:43:40,1659,1162,1568,1351
18:43:50,1491,1260,1547,1379
18:44:00,1596,1155,1386,1148
18:44:10,1435,1330,1323,1463
18:44:20,1505,1253,1365,1288
18:44:30,1680,1218,1414,1400
18:44:40,1428,1190,1253,1316
18:44:50,1498,1225,1582,1169
18:45:00,1456,1176,1491,1211
18:45:10,1512,1211,1491,1302
18:45:20,1540,1008,1484,1106
18:45:30,1414,1239,1442,1197
18:45:40,1610,1211,1435,1358
18:45:50,1414,1204,1582,1330
18:46:00,1400,1274,1554,1232
18:46:10,1491,1351,1484,1260
18:46:20,1428,1029,1617,1267
18:46:30,1337,1267,1484,1330
18:46:40,1659,1134,1673,1386
18:46:50,1505,1323,1561,1407
18:47:00,1666,1134,1498,1288
18:47:10,1575,1183,1652,1379
18:47:20,1526,1288,1477,1330
18:47:30,1561,1232,1456,1505
18:47:40,1610,1176,1435,1428
18:47:50,1631,1295,1778,1225
18:48:00,1540,1246,1792,1225
18:48:10,1575,1218,1533,1190
18:48:20,1708,1323,1785,1316
18:48:30,1631,1155,1540,1197
18:48:40,1547,1239,1596,1253
18:48:50,1645,1120,1470,1288
18:49:00,1638,1204,1596,1183
18:49:10,1638,1442,1575,1197
18:49:20,1589,1092,1687,1176
18:49:30,1561,1295,1505,1239
18:49:40,1806,1099,1638,1134
18:49:50,1701,1218,1505,1197
18:50:00,1624,1330,1582,1365
18:50:10,1820,1288,1533,1288
18:50:20,1673,1337,1498,1239
18:50:30,1694,1274,1582,1218
18:50:40,1666,1253,1666,1428
18:50:50,1596,1330,1610,1407
18:51:00,1596,1309,1505,1239
18:51:10,1638,1365,1365,1337
18:51:20,1603,1253,1596,1400
18:51:30,1638,1295,1442,1358
18:51:40,1750,1330,1645,1393
18:51:50,1491,1260,1484,1274
18:52:00,1526,1302,1582,1442
18:52:10,1617,1309,1526,1386
18:52:20,1687,1365,1561,1267
18:52:30,1582,1239,1638,1386
18:52:40,1617,1407,1540,1127
18:52:50,1715,1253,1449,1372
18:53:00,1687,1274,1610,1505
18:53:10,1526,1204,1547,1540
18:53:20,1456,1372,1547,1421
18:53:30,1799,1274,1393,1547
18:53:40,1694,1197,1862,1379
18:53:50,1512,1288,1568,1407
18:54:00,1484,1127,1428,1456
18:54:10,1498,1302,1477,1372
18:54:20,1498,1267,1498,1463
18:54:30,1498,1288,1596,1302
18:54:40,1491,1127,1617,1253
18:54:50,1498,1183,1428,1491
18:55:00,1372,1351,1645,1498
18:55:10,1596,1302,1477,1337
18:55:20,1659,1246,1477,1477
18:55:30,1603,1463,1386,1652
18:55:40,1729,1260,1484,1435
18:55:50,1463,1505,1519,1652
18:56:00,1323,1267,1414,1225
18:56:10,1617,1239,1603,1309
18:56:20,1498,1351,1512,1582
18:56:30,1533,1260,1407,1330
18:56:40,1512,1337,1491,1309
18:56:50,1673,1428,1568,1428
18:57:00,1449,1253,1533,1337
18:57:10,1519,1267,1561,1274
18:57:20,1435,1379,1379,1477
18:57:30,1561,1351,1407,1211
18:57:40,1386,1267,1386,1428
18:57:50,1547,1218,1400,1344
18:58:00,1526,1148,1673,1204
18:58:10,1512,1337,1295,1351
18:58:20,1442,1351,1603,1414
18:58:30,1554,1302,1428,1344
18:58:40,1533,1365,1582,1330
18:58:50,1757,1134,1414,1316
18:59:00,1792,1043,1631,1211
18:59:10,1470,1309,1519,1407
18:59:20,1715,1281,1645,1484
18:59:30,1519,1204,1596,1351
18:59:40,1470,1281,1379,1358
18:59:50,1533,1022,1624,1204
19:00:00,1736,1421,1498,1400
19:00:10,1442,1414,1512,1603
19:00:20,1533,1260,1491,1365
19:00:30,1596,1288,1512,1477
19:00:40,1540,1316,1680,1743
19:00:50,1617,1218,1771,1561
19:01:00,1365,1414,1806,1484
19:01:10,1610,1309,1638,1400
19:01:20,1610,1442,1540,1470
19:01:30,1428,1162,1589,1365
19:01:40,1519,1351,1470,1372
19:01:50,1603,1435,1414,1477
19:02:00,1526,1176,1631,1505
19:02:10,1533,1253,1743,1456
19:02:20,1512,1295,1701,1547
19:02:30,1435,1449,1687,1603
19:02:40,1407,1456,1610,1869
19:02:50,1477,1379,1792,1806
19:03:00,1477,1295,1645,1736
19:03:10,1547,1498,1750,1757
19:03:20,1449,1421,1652,1757
19:03:30,1519,1330,1778,1841
19:03:40,1561,1477,1806,1771
19:03:50,1442,1113,1512,1764
19:04:00,1526,1547,1848,1589
19:04:10,1526,1288,1617,1442
19:04:20,1505,1232,1561,1638
19:04:30,1456,1141,1463,1330
19:04:40,1498,1309,1512,1351
19:04:50,1526,1316,1568,1575
19:05:00,1617,1372,1463,1386
19:05:10,1771,1512,1701,1554
19:05:20,1386,1302,1575,1680
19:05:30,1645,1421,1498,1428
19:05:40,1547,1281,1729,1323
19:05:50,1638,1260,1526,1491
19:06:00,1505,1407,1631,1428
19:06:10,1547,1351,1610,1554
19:06:20,1589,1323,1687,1491
19:06:30,1428,1379,1554,1533
19:06:40,1694,1582,1736,1694
19:06:50,1421,1386,1561,1617
19:07:00,1512,1302,1652,1540
19:07:10,1484,1463,1589,1442
19:07:20,1470,1372,1491,1512
19:07:30,1463,1155,1568,1526
19:07:40,1288,1176,1568,1379
19:07:50,1631,1344,1435,1596
19:08:00,1533,1309,1484,1428
19:08:10,1470,1218,1638,1407
19:08:20,1414,1225,1533,1491
19:08:30,1575,1330,1666,1617
19:08:40,1344,1309,1512,1407
19:08:50,1603,1358,1687,1435
19:09:00,1624,1253,1456,1484
19:09:10,1673,1351,1708,1414
19:09:20,1652,1533,1470,1568
19:09:30,1449,1288,1470,1526
19:09:40,1568,1477,1638,1680
19:09:50,1407,1414,1722,1428
19:10:00,1743,1344,1589,1442
19:10:10,1750,1365,1694,1813
19:10:20,1393,1351,1442,1666
19:10:30,1414,1533,1477,1694
19:10:40,1554,1323,1610,1533
19:10:50,1484,1351,1379,1526
19:11:00,1526,1435,1344,1470
19:11:10,1582,1463,1435,1596
19:11:20,1519,1211,1526,1498
19:11:30,1484,1239,1477,1484
19:11:40,1414,1337,1470,1351
19:11:50,1470,1386,1498,1414
19:12:00,1386,1330,1428,1610
19:12:10,1582,1365,1463,1372
19:12:20,1484,1274,1554,1575
19:12:30,1540,1204,1477,1302
19:12:40,1596,1309,1372,1386
19:12:50,1379,1274,1463,1372
19:13:00,1533,1218,1358,1421
19:13:10,1624,1197,1316,1414
19:13:20,1491,1281,1330,1554
19:13:30,1568,1365,1295,1652
19:13:40,1372,1267,1449,1386
19:13:50,1596,1414,1421,1442
19:14:00,1281,1225,1386,1477
19:14:10,1407,1197,1484,1582
19:14:20,1393,1148,1365,1540
19:14:30,1316,1351,1498,1582
19:14:40,1428,1379,1547,1526
19:14:50,1435,1302,1302,1624
19:15:00,1323,987,1428,1442
19:15:10,1435,1183,1232,1225
19:15:20,1694,1141,1554,1302
19:15:30,1449,1239,1498,1442
19:15:40,1659,1260,1386,1232
19:15:50,1512,1414,1309,1442
19:16:00,1428,1064,1330,1330
19:16:10,1456,1218,1596,1267
19:16:20,1484,1400,1596,1281
19:16:30,1449,1330,1302,1498
19:16:40,1631,1232,1358,1309
19:16:50,1470,1183,1358,1260
19:17:00,1617,1260,1176,1302
19:17:10,1323,1148,1372,1470
19:17:20,1386,1302,1365,1519
19:17:30,1442,1260,1519,1498
19:17:40,1435,1358,1309,1414
19:17:50,1561,1260,1400,1337
19:18:00,1330,1274,1330,1386
19:18:10,1498,1323,1386,1456
19:18:20,1456,1260,1274,1260
19:18:30,1449,1134,1379,1253
19:18:40,1456,1260,1281,1386
19:18:50,1274,1344,1176,1358
19:19:00,1554,1197,1274,1330
19:19:10,1575,1232,1617,1134
19:19:20,1568,1260,1365,1498
19:19:30,1582,1323,1225,1323
19:19:40,1337,1302,1365,1274
19:19:50,1519,1106,1358,1302
19:20:00,1498,1295,1484,1554
19:20:10,1309,1162,1337,1491
19:20:20,1309,1372,1463,1407
19:20:30,1449,1344,1386,1463
19:20:40,1491,1281,1337,1498
19:20:50,1463,1295,1407,1316
19:21:00,1379,1218,1246,1365
19:21:10,1414,1197,1484,1358
19:21:20,1400,1267,1463,1358
19:21:30,1554,1246,1337,1358
19:21:40,1456,1218,1372,1428
19:21:50,1624,1281,1421,1351
19:22:00,1442,1344,1512,1407
19:22:10,1554,1050,1344,1148
19:22:20,1435,1232,1358,1344
19:22:30,1610,1190,1477,1253
19:22:40,1547,1253,1183,1330
19:22:50,1435,1057,1421,1302
19:23:00,1533,1141,1407,1218
19:23:10,1253,1365,1330,1393
19:23:20,1456,1239,1134,1428
19:23:30,1547,1134,1442,1260
19:23:40,1456,1141,1400,1358
19:23:50,1218,1330,1344,1393
19:24:00,1288,1309,1211,1309
19:24:10,1526,1330,1358,1127
19:24:20,1547,1337,1253,1386
19:24:30,1281,1155,1386,1288
19:24:40,1477,1204,1386,1309
19:24:50,1617,1218,1302,1253
19:25:00,1421,1204,1470,1393
19:25:10,1498,1204,1372,1225
19:25:20,1358,1232,1309,1204
19:25:30,1442,1316,1386,1309
19:25:40,1400,1449,1421,1197
19:25:50,1449,1169,1351,1414
19:26:00,1351,1085,1351,1169
19:26:10,1456,1267,1393,1253
19:26:20,1435,1232,1400,1309
19:26:30,1435,1099,1414,1239
19:26:40,1449,1190,1316,1281
19:26:50,1246,1155,1330,1204
19:27:00,1456,1106,1442,1295
19:27:10,1358,1106,1358,1274
19:27:20,1379,1183,1386,1463
19:27:30,1393,1134,1414,1330
19:27:40,1365,1113,1386,1232
19:27:50,1351,1148,1407,1358
19:28:00,1407,1078,1428,1288
19:28:10,1295,1120,1365,1400
19:28:20,1288,1246,1372,1169
19:28:30,1491,1190,1428,1393
19:28:40,1414,1323,1302,1218
19:28:50,1561,1078,1162,1204
19:29:00,1393,1302,1435,1253
19:29:10,1519,1197,1428,1358
19:29:20,1421,1267,1442,1253
19:29:30,1526,1050,1421,1190
19:29:40,1386,1386,1407,1253
19:29:50,1302,1246,1239,1386
19:30:00,1407,1253,1540,1498
19:30:10,1253,1106,1442,1239
19:30:20,1708,1218,1421,1351
19:30:30,1442,1295,1484,1323
19:30:40,1386,1141,1477,1414
19:30:50,1456,1274,1554,1190
19:31:00,1393,1232,1435,1540
19:31:10,1309,1358,1274,1414
19:31:20,1463,1330,1386,1288
19:31:30,1533,1120,1477,1421
19:31:40,1253,1197,1225,1155
19:31:50,1344,1141,1155,1505
19:32:00,1575,1211,1295,1393
19:32:10,1407,1260,1288,1337
19:32:20,1407,1085,1351,1162
19:32:30,1512,1253,1393,1351
19:32:40,1617,1127,1561,1239
19:32:50,1407,1267,1512,1316
19:33:00,1421,1309,1428,1211
19:33:10,1393,1456,1372,1428
19:33:20,1176,1071,1302,1498
19:33:30,1302,1232,1204,1512
19:33:40,1470,1204,1463,1141
19:33:50,1484,1197,1386,1176
19:34:00,1351,1092,1337,1141
19:34:10,1379,1092,1414,1267
19:34:20,1491,1162,1218,1092
19:34:30,1316,1176,1288,1400
19:34:40,1421,1239,1302,1414
19:34:50,1526,1050,1218,1106
19:35:00,1365,1148,1414,1379
19:35:10,1610,1197,1386,1204
19:35:20,1428,1106,1505,1190
19:35:30,1253,1225,1288,1260
19:35:40,1470,1134,1484,1001
19:35:50,1463,1176,1449,1071
19:36:00,1218,1008,1183,1183
19:36:10,1260,1267,1526,1162
19:36:20,1155,1183,1197,1218
19:36:30,1421,1085,1323,1197
19:36:40,1323,1078,1288,1323
19:36:50,1211,1218,1246,1372
19:37:00,1309,1337,1351,1267
19:37:10,1435,1134,1316,1176
19:37:20,1435,1302,1470,1120
19:37:30,1428,1022,1246,1351
19:37:40,1274,1043,1365,1022
19:37:50,1365,980,1239,987
19:38:00,1414,1092,1274,1015
19:38:10,1225,994,1281,1253
19:38:20,1344,1057,1295,1218
19:38:30,1421,1211,1582,1288
19:38:40,1463,1050,1288,1113
19:38:50,1330,1071,1351,1232
19:39:00,1491,1211,1309,1092
19:39:10,1498,903,1246,1099
19:39:20,1225,1113,1386,1176
19:39:30,1407,1001,1407,917
19:39:40,1267,959,1316,1050
19:39:50,1358,1183,1288,1106
19:40:00,1316,1022,1372,1162
19:40:10,1463,1099,1358,1134
19:40:20,1449,945,1190,1064
19:40:30,1456,1113,1141,1106
19:40:40,1456,1015,1358,1106
19:40:50,1316,1001,1246,987
19:41:00,1309,1085,1323,1169
19:41:10,1176,1127,1337,1148
19:41:20,1358,1113,1323,1113
19:41:30,1470,1085,1246,1127
19:41:40,1197,1057,1309,938
19:41:50,1379,1008,1253,924
19:42:00,1260,1218,1078,1281
19:42:10,1288,1169,1302,1050
19:42:20,1379,1106,1134,1099
19:42:30,1316,1008,1218,1197
19:42:40,1393,882,1421,1057
19:42:50,1470,966,1337,1043
19:43:00,1351,959,1393,917
19:43:10,1260,1064,1323,1099
19:43:20,1281,1106,1309,1169
19:43:30,1323,980,1281,1253
19:43:40,1344,994,1386,952
19:43:50,1456,1281,1309,1239
19:44:00,1253,1106,1295,1162
19:44:10,1260,1169,1288,1008
19:44:20,1463,1127,1295,1050
19:44:30,1512,1092,1246,1169
19:44:40,1414,1071,1302,1036
19:44:50,1393,1148,1330,1043
19:45:00,1351,1078,1253,1057
19:45:10,1330,945,1197,1092
19:45:20,1148,1155,1057,1176
19:45:30,1470,1225,1092,1246
19:45:40,1442,1120,1253,1141
19:45:50,1232,1078,1155,1113
19:46:00,1407,1232,1288,1134
19:46:10,1260,1057,1148,1204
19:46:20,1477,994,1330,987
19:46:30,1295,1155,1309,994
19:46:40,1365,966,1365,1155
19:46:50,1414,1106,1204,1064
19:47:00,1302,1148,1253,1008
19:47:10,1309,1015,1183,966
19:47:20,1330,1106,1085,980
19:47:30,1351,966,1295,1001
19:47:40,1449,1043,1197,889
19:47:50,1162,1057,1260,917
19:48:00,1225,1141,1106,1064
19:48:10,1316,1022,1260,1015
19:48:20,1358,1211,1197,980
19:48:30,1386,1267,1218,1218
19:48:40,1456,1001,1337,1015
19:48:50,1260,1071,1155,1050
19:49:00,1351,924,1134,987
19:49:10,1407,1043,1232,980
19:49:20,1610,931,1505,1008
19:49:30,1232,917,1176,994
19:49:40,1239,896,1239,1064
19:49:50,1456,1393,1358,1085
19:50:00,1393,1190,1190,903
19:50:10,1302,1190,1218,1057
19:50:20,1582,1176,1344,1029
19:50:30,1274,1141,1183,1064
19:50:40,1274,1274,1288,1113
19:50:50,1379,1316,1078,980
19:51:00,1330,973,1288,973
19:51:10,1449,1001,1302,966
19:51:20,1120,1001,1176,847
19:51:30,1442,1148,1316,966
19:51:40,1197,1001,1162,959
19:51:50,1330,1106,1190,1085
19:52:00,1365,1155,1127,1022
19:52:10,1379,1043,1190,840
19:52:20,1407,1113,1246,980
19:52:30,1337,1148,1176,1092
19:52:40,1372,1106,1456,1036
19:52:50,1260,1029,1099,882
19:53:00,1379,1015,1246,945
19:53:10,1498,1078,1225,1015
19:53:20,1463,1001,1344,903
19:53:30,1351,1001,1155,882
19:53:40,1323,924,1295,924
19:53:50,1379,952,1365,763
19:54:00,1393,1092,1281,1134
19:54:10,1358,973,1365,882
19:54:20,1323,966,1127,1113
19:54:30,1407,1078,1218,812
19:54:40,1442,1057,1323,987
19:54:50,1239,1197,1141,833
19:55:00,1288,1029,1162,896
19:55:10,1386,1085,1253,931
19:55:20,1477,1057,1302,994
19:55:30,1239,994,1113,861
19:55:40,1211,1022,1120,882
19:55:50,1463,1057,1330,756
19:56:00,1295,1085,1169,861
19:56:10,1344,1043,1190,959
19:56:20,1337,966,1015,861
19:56:30,1260,1050,1190,910
19:56:40,1309,1001,1337,868
19:56:50,1323,1106,1232,910
19:57:00,1351,1127,1120,882
19:57:10,1281,994,1092,896
19:57:20,1351,1015,1239,952
19:57:30,1379,959,1253,882
19:57:40,1407,1008,1183,819
19:57:50,1197,1162,1211,1022
19:58:00,1484,1043,1211,952
19:58:10,1344,994,1225,812
19:58:20,1190,1050,1190,847
19:58:30,1498,945,1155,798
19:58:40,1323,938,1190,875
19:58:50,1498,1169,1239,945
19:59:00,1295,1001,1260,896
19:59:10,1400,980,1099,910
19:59:20,1197,1148,1316,861
19:59:30,1260,1029,1176,833
19:59:40,1414,1134,1141,945
19:59:50,1141,1008,1183,987
20:00:00,1134,1085,1183,931
20:00:10,1253,1050,1134,875
20:00:20,1316,1064,1176,945
20:00:30,1351,1267,1204,812
20:00:40,1288,1113,1113,910
20:00:50,1393,903,1204,798
20:01:00,1295,1078,1141,791
20:01:10,1330,938,1197,819
20:01:20,1162,910,1092,819
20:01:30,1281,938,1253,749
20:01:40,1274,1106,1092,868
20:01:50,1267,910,1113,672
20:02:00,1393,959,1134,672
20:02:10,1267,1001,1162,847
20:02:20,1141,1113,1211,910
20:02:30,1302,1050,1246,819
20:02:40,1267,875,1253,882
20:02:50,1232,910,1211,812
20:03:00,1148,1134,1120,994
20:03:10,1239,1071,1225,1022
20:03:20,1372,994,1078,1050
20:03:30,1295,1043,1211,875
20:03:40,1253,931,1267,875
20:03:50,1197,945,1120,945
20:04:00,1260,987,1155,952
20:04:10,1260,987,1106,966
20:04:20,1260,1043,1316,973
20:04:30,1358,1036,1092,1043
20:04:40,1309,1029,1218,924
20:04:50,1204,1134,994,882
20:05:00,1288,1099,1267,931
20:05:10,1225,1015,1169,889
20:05:20,1162,966,1155,910
20:05:30,1274,1085,1218,854
20:05:40,1211,854,1057,868
20:05:50,1218,959,1162,854
20:06:00,1176,1015,1141,819
20:06:10,1246,1029,1127,938
20:06:20,1267,861,1176,749
20:06:30,1162,966,1211,952
20:06:40,1232,987,1176,812
20:06:50,1316,1050,1155,840
20:07:00,1267,994,1239,931
20:07:10,1211,959,1092,973
20:07:20,1246,1127,1309,931
20:07:30,1134,1120,1274,889
20:07:40,1183,1022,1078,889
20:07:50,1281,994,1197,812
20:08:00,1295,987,1092,889
20:08:10,1442,973,1169,777
20:08:20,1442,1029,1155,819
20:08:30,1169,1064,1197,840
20:08:40,1092,924,1197,742
20:08:50,1253,994,1197,889
20:09:00,1169,959,1092,798
20:09:10,1337,882,1085,861
20:09:20,1204,840,1253,889
20:09:30,1414,1078,1274,812
20:09:40,1225,833,1309,672
20:09:50,1085,1148,1120,742
20:10:00,1323,1001,1141,896
20:10:10,1204,791,1127,777
20:10:20,1155,945,1141,833
20:10:30,1253,1078,1148,742
20:10:40,1379,1169,1092,924
20:10:50,1295,1183,1113,903
20:11:00,1379,966,1295,973
20:11:10,1540,1085,1029,812
20:11:20,1365,1176,1204,749
20:11:30,1603,1113,1218,784
20:11:40,1407,1092,1288,812
20:11:50,1484,1092,1232,784
20:12:00,1505,1302,1155,882
20:12:10,1554,1295,1337,882
20:12:20,1596,1302,1148,910
20:12:30,1617,1183,1211,931
20:12:40,1519,1204,1211,868
20:12:50,1435,1001,1155,910
20:13:00,1428,1113,1211,917
20:13:10,1337,1127,1302,1071
20:13:20,1512,1064,1246,1022
20:13:30,1442,1169,1050,798
20:13:40,1456,1029,1309,812
20:13:50,1330,1197,1246,903
20:14:00,1281,1071,1190,742
20:14:10,1274,1190,1365,875
20:14:20,1218,1218,903,875
20:14:30,1337,952,1113,798
20:14:40,1631,1288,1092,882
20:14:50,1470,1190,1148,959
20:15:00,1519,1407,1365,1008
20:15:10,1477,1232,1190,1078
20:15:20,1330,1078,1197,1057
20:15:30,1470,1197,1127,966
20:15:40,1365,1120,1344,868
20:15:50,1456,1036,1155,868
20:16:00,1463,1050,1078,1022
20:16:10,1400,1148,1288,987
20:16:20,1267,1169,1288,833
20:16:30,1407,1057,1106,833
20:16:40,1463,1085,1162,882
20:16:50,1351,1190,1134,868
20:17:00,1323,896,1302,742
20:17:10,1407,1057,1204,707
20:17:20,1463,1302,1155,1022
20:17:30,1316,1015,1071,868
20:17:40,1407,966,1211,707
20:17:50,1505,1078,1085,868
20:18:00,1260,966,938,791
20:18:10,1463,1036,1113,791
20:18:20,1372,910,1162,630
20:18:30,1379,973,1225,721
20:18:40,1400,1078,1029,756
20:18:50,1365,1036,1092,819
20:19:00,1337,1043,1022,679
20:19:10,1309,903,1085,777
20:19:20,1372,1064,1008,798
20:19:30,1379,1120,1015,693
20:19:40,1386,896,1190,721
20:19:50,1218,987,1120,819
20:20:00,1323,1092,1057,728
20:20:10,1253,1204,966,679
20:20:20,1358,938,1008,882
20:20:30,1204,840,1127,721
20:20:40,1330,1057,1218,889
20:20:50,1316,1057,1211,777
20:21:00,1365,1134,1183,798
20:21:10,1330,931,1015,756
20:21:20,1407,1043,1197,735
20:21:30,1435,1022,1197,707
20:21:40,1281,1078,931,812
20:21:50,1239,994,1204,700
20:22:00,1162,1176,1134,812
20:22:10,1267,1099,1148,861
20:22:20,1281,1092,1036,896
20:22:30,1197,1050,1085,861
20:22:40,1393,889,1036,693
20:22:50,1127,1197,1246,812
20:23:00,1407,1148,1071,770
20:23:10,1267,1092,966,833
20:23:20,1498,966,1113,714
20:23:30,1260,1078,1001,987
20:23:40,1176,910,1092,868
20:23:50,1337,1106,1176,833
20:24:00,1316,924,1043,791
20:24:10,1386,1190,1008,735
20:24:20,1169,903,1120,791
20:24:30,1239,1001,1155,819
20:24:40,1337,1071,1078,819
20:24:50,1407,1099,1267,777
20:25:00,1183,1092,1113,693
20:25:10,1211,952,1043,749
20:25:20,1288,1057,1141,728
20:25:30,1330,1008,1113,847
20:25:40,1008,1078,1183,644
20:25:50,1267,973,1078,910
20:26:00,1428,868,973,679
20:26:10,1078,973,1043,693
20:26:20,1337,882,1099,679
20:26:30,1379,931,1169,679
20:26:40,1162,1071,1232,826
20:26:50,1169,1176,1050,700
20:27:00,1267,1029,959,833
20:27:10,1295,1001,952,791
20:27:20,1162,1029,959,889
20:27:30,1288,1064,1085,903
20:27:40,1316,1022,1092,868
20:27:50,1428,1036,1155,763
20:28:00,1421,889,1414,882
20:28:10,1386,973,1218,840
20:28:20,1232,910,1344,896
20:28:30,1484,959,1155,917
20:28:40,1309,1162,1134,966
20:28:50,1246,875,1232,805
20:29:00,1372,1029,1085,777
20:29:10,1414,826,1225,749
20:29:20,1232,980,1169,749
20:29:30,1253,987,1190,1008
20:29:40,1274,924,1106,686
20:29:50,1246,980,1176,798
20:30:00,1309,1029,1092,819
20:30:10,1358,945,966,847
20:30:20,1246,917,1225,672
20:30:30,1204,861,1134,693
20:30:40,1281,903,1141,756
20:30:50,1246,917,1106,784
20:31:00,1393,896,1043,728
20:31:10,1316,910,1232,714
20:31:20,1414,1008,1176,910
20:31:30,1225,1001,1113,903
20:31:40,1190,980,1155,742
20:31:50,1351,966,1204,854
20:32:00,1204,875,1169,735
20:32:10,1400,1211,1141,847
20:32:20,1113,861,1064,861
20:32:30,1470,938,987,763
20:32:40,1330,980,1253,742
20:32:50,1050,721,1225,707
20:33:00,1246,728,980,672
20:33:10,1176,910,1162,798
20:33:20,1155,868,1169,714
20:33:30,1253,1022,1351,609
20:33:40,1197,959,1190,770
20:33:50,1288,840,1176,728
20:34:00,1260,805,1169,721
20:34:10,1022,854,1064,651
20:34:20,1190,903,1113,763
20:34:30,1253,1099,1239,763
20:34:40,1015,861,1113,791
20:34:50,1253,917,1162,847
20:35:00,1435,1001,1246,819
20:35:10,1239,938,1211,770
20:35:20,1218,1085,1120,791
20:35:30,1148,1015,1169,833
20:35:40,1267,1057,1309,910
20:35:50,1414,924,1232,721
20:36:00,1197,1232,1148,959
20:36:10,1337,966,1120,749
20:36:20,1197,882,1071,672
20:36:30,1351,1043,1127,770
20:36:40,1295,1015,1169,826
20:36:50,1246,805,1155,672
20:37:00,1211,938,1197,644
20:37:10,1351,805,1148,714
20:37:20,1253,784,1071,735
20:37:30,1246,833,1036,581
20:37:40,1218,910,1064,714
20:37:50,1239,861,1120,770
20:38:00,1302,833,1169,679
20:38:10,1274,966,1092,679
20:38:20,1155,819,1099,749
20:38:30,1288,847,1197,721
20:38:40,1253,798,1176,665
20:38:50,1288,847,1015,672
20:39:00,1239,847,1085,805
20:39:10,1176,805,1036,637
20:39:20,1176,777,987,665
20:39:30,1134,791,1022,616
20:39:40,1120,826,1134,693
20:39:50,1085,889,1057,693
20:40:00,1309,1036,1001,665
20:40:10,1183,987,1134,791
20:40:20,1344,784,1050,644
20:40:30,1099,861,1120,609
20:40:40,1190,882,875,672
20:40:50,1169,959,980,777
20:41:00,1085,980,917,763
20:41:10,1218,763,1183,679
20:41:20,1309,931,1162,658
20:41:30,1253,770,1050,665
20:41:40,1246,798,1057,658
20:41:50,1155,868,1134,721
20:42:00,1155,896,1036,735
20:42:10,1302,770,1099,637
20:42:20,1358,959,1022,714
20:42:30,1239,1043,1008,651
20:42:40,1295,798,896,693
20:42:50,1274,819,1141,644
20:43:00,1134,966,1134,679
20:43:10,1260,1085,1001,735
20:43:20,1351,889,1085,567
20:43:30,1218,959,1085,707
20:43:40,1141,756,1071,679
20:43:50,1176,707,1015,490
20:44:00,1043,742,1169,595
20:44:10,1519,847,1134,791
20:44:20,1162,798,1099,602
20:44:30,1239,847,1015,693
20:44:40,1183,777,1029,672
20:44:50,1162,749,1001,637
20:45:00,1204,826,1183,679
20:45:10,1225,777,1092,742
20:45:20,1365,721,910,553
20:45:30,1029,882,1015,672
20:45:40,1141,700,1022,637
20:45:50,1106,854,959,714
20:46:00,1225,749,973,672
20:46:10,1260,931,1120,742
20:46:20,1218,763,1106,630
20:46:30,1288,889,1092,658
20:46:40,1302,987,1071,840
20:46:50,1281,714,1288,658
20:47:00,1169,854,1197,770
20:47:10,1267,826,1351,665
20:47:20,1204,847,1155,644
20:47:30,1288,784,1267,756
20:47:40,1106,812,1190,728
20:47:50,1169,721,1127,679
20:48:00,1176,903,1281,924
20:48:10,1302,833,1155,756
20:48:20,1176,1001,1239,728
20:48:30,1456,742,1120,553
20:48:40,1190,868,1120,721
20:48:50,1225,931,1050,707
20:49:00,1309,777,1141,672
20:49:10,1176,679,959,581
20:49:20,1113,847,1064,819
20:49:30,1099,721,1085,693
20:49:40,1323,910,1092,658
20:49:50,1029,805,896,602
20:50:00,1253,833,1022,756
20:50:10,1246,798,903,686
20:50:20,1134,826,1239,679
20:50:30,1120,840,1001,581
20:50:40,1162,791,945,728
20:50:50,1127,686,945,742
20:51:00,1127,966,1050,609
20:51:10,1155,749,875,525
20:51:20,1106,791,1064,686
20:51:30,1106,777,966,567
20:51:40,1148,651,1008,553
20:51:50,1155,658,896,588
20:52:00,1239,833,1141,595
20:52:10,1197,637,1071,602
20:52:20,1071,798,966,574
20:52:30,1281,707,1057,553
20:52:40,1274,854,1176,728
20:52:50,1120,749,854,595
20:53:00,1113,868,1113,693
20:53:10,952,987,875,728
20:53:20,1225,868,938,854
20:53:30,1372,728,938,777
20:53:40,1162,840,1169,903
20:53:50,1225,896,1036,798
20:54:00,1036,868,896,847
20:54:10,1141,854,917,903
20:54:20,1148,861,826,833
20:54:30,1344,868,980,945
20:54:40,1106,952,973,889
20:54:50,1148,777,924,1043
20:55:00,1141,910,833,987
20:55:10,1099,875,1001,1064
20:55:20,1337,889,1036,917
20:55:30,1204,980,1029,1211
20:55:40,1344,1001,1183,1085
20:55:50,1414,875,1239,1085
20:56:00,1302,945,1176,1267
20:56:10,1190,826,1127,1162
20:56:20,1113,910,1064,1071
20:56:30,1351,847,1365,1204
20:56:40,1176,868,1106,1162
20:56:50,1260,1029,1211,1337
20:57:00,1155,931,1092,1260
20:57:10,1393,798,1260,1141
20:57:20,1337,924,1232,1225
20:57:30,1134,910,1169,1148
20:57:40,1365,805,1134,1162
20:57:50,1246,931,1204,1127
20:58:00,1225,1092,1120,1092
20:58:10,1274,896,1197,1176
20:58:20,1316,994,1106,1197
20:58:30,1232,910,966,959
20:58:40,1267,931,1127,1183
20:58:50,1351,840,1169,994
20:59:00,1183,826,1127,1043
20:59:10,1218,973,959,1015
20:59:20,1225,861,1162,1162
20:59:30,1190,805,980,1106
20:59:40,1295,854,1064,1120
20:59:50,1386,910,945,1183
21:00:00,1253,924,1085,1120
21:00:10,1302,826,1022,966
21:00:20,1085,1064,917,1134
21:00:30,1085,959,924,889
21:00:40,1120,931,1064,910
21:00:50,1183,896,1057,1029
21:01:00,1134,910,805,1050
21:01:10,1274,945,987,889
21:01:20,1330,868,840,917
21:01:30,1365,1092,945,896
21:01:40,1281,1022,777,1015
21:01:50,1050,966,889,1127
21:02:00,1351,875,931,1064
21:02:10,1414,959,1050,1008
21:02:20,1190,854,903,931
21:02:30,1351,1001,952,980
21:02:40,1057,847,980,1036
21:02:50,1204,819,1099,714
21:03:00,1120,910,959,1064
21:03:10,1253,1015,917,1008
21:03:20,1323,903,959,840
21:03:30,1134,1001,903,1120
21:03:40,1169,896,1071,1029
21:03:50,1190,1141,1099,987
21:04:00,1281,798,889,917
21:04:10,1365,1120,987,1078
21:04:20,1379,777,1085,945
21:04:30,1288,945,819,1036
21:04:40,1183,875,980,1050
21:04:50,1344,966,1071,987
21:05:00,1204,952,1204,994
21:05:10,1267,910,1092,1120
21:05:20,1225,959,1064,1099
21:05:30,1232,1029,1099,1120
21:05:40,1505,1057,1232,1225
21:05:50,1211,1015,1155,1141
21:06:00,1351,959,1078,987
21:06:10,1148,966,1183,903
21:06:20,1197,987,1197,1050
21:06:30,1162,1057,1260,1085
21:06:40,1008,1022,1022,973
21:06:50,1309,966,1071,1169
21:07:00,1204,910,959,1008
21:07:10,1323,952,1071,931
21:07:20,1148,917,931,882
21:07:30,896,903,931,1057
21:07:40,1337,826,1008,980
21:07:50,1071,1036,966,1064
21:08:00,1148,826,1036,1008
21:08:10,1274,1057,1120,924
21:08:20,1127,875,1015,945
21:08:30,1036,1085,875,1036
21:08:40,1386,861,1001,1050
21:08:50,1246,973,1008,1008
21:09:00,1274,854,980,882
21:09:10,1134,1106,1036,973
21:09:20,1176,1029,1022,994
21:09:30,1470,896,1071,924
21:09:40,1155,742,931,840
21:09:50,1288,889,952,931
21:10:00,1190,910,903,854
21:10:10,1211,1106,1127,966
21:10:20,1323,882,980,826
21:10:30,1295,973,819,896
21:10:40,1148,784,931,931
21:10:50,1344,735,1008,847
21:11:00,1043,917,1043,980
21:11:10,1190,924,945,959
21:11:20,1169,945,973,882
21:11:30,1078,833,1092,756
21:11:40,1141,707,980,805
21:11:50,1274,868,994,826
21:12:00,1057,861,910,749
21:12:10,1386,896,959,868
21:12:20,1211,735,1029,679
21:12:30,1148,840,931,861
21:12:40,959,868,1001,826
21:12:50,1015,749,889,833
21:13:00,1155,1029,938,791
21:13:10,1078,896,1015,1015
21:13:20,1141,903,1057,994
21:13:30,1134,959,938,924
21:13:40,1204,840,826,847
21:13:50,1169,875,868,847
21:14:00,1113,924,924,756
21:14:10,1162,966,910,693
21:14:20,1246,812,854,763
21:14:30,1022,896,924,770
21:14:40,1162,777,945,798
21:14:50,952,924,896,805
21:15:00,1113,770,840,728
21:15:10,1043,854,861,679
21:15:20,1015,910,798,749
21:15:30,1197,994,819,847
21:15:40,1036,833,889,672
21:15:50,1211,861,924,777
21:16:00,1211,938,966,812
21:16:10,1309,805,1043,595
21:16:20,1099,945,854,644
21:16:30,1225,987,938,882
21:16:40,1253,896,854,805
21:16:50,1239,728,931,644
21:17:00,1099,875,903,777
21:17:10,1211,798,875,861
21:17:20,1246,980,994,861
21:17:30,1120,840,959,833
21:17:40,1099,784,931,693
21:17:50,1008,924,1015,812
21:18:00,1190,896,903,798
21:18:10,1239,875,910,910
21:18:20,1183,966,959,693
21:18:30,1330,959,973,840
21:18:40,1477,1001,1036,917
21:18:50,1197,1008,917,707
21:19:00,1316,875,1008,637
21:19:10,1309,861,1134,686
21:19:20,1309,1029,1029,651
21:19:30,1134,833,1001,777
21:19:40,1211,1064,889,840
21:19:50,1372,917,931,665
21:20:00,1435,868,833,651
21:20:10,1127,742,931,707
21:20:20,1267,854,1008,784
21:20:30,1099,840,714,595
21:20:40,1239,917,1022,644
21:20:50,1134,714,959,686
21:21:00,1141,784,980,665
21:21:10,1183,826,931,588
21:21:20,1169,791,889,588
21:21:30,1057,868,735,630
21:21:40,1071,805,987,630
21:21:50,1113,847,826,602
21:22:00,1379,854,910,630
21:22:10,1162,826,959,721
21:22:20,1078,966,721,644
21:22:30,1057,840,1029,609
21:22:40,1106,693,812,546
21:22:50,1162,693,1022,448
21:23:00,1085,749,749,602
21:23:10,1064,672,903,448
21:23:20,1239,784,973,651
21:23:30,1029,833,903,602
21:23:40,1036,742,700,581
21:23:50,1071,756,910,504
21:24:00,1127,854,721,672
21:24:10,973,875,784,539
21:24:20,1211,819,924,679
21:24:30,1106,784,812,504
21:24:40,1078,735,791,651
21:24:50,1001,742,931,686
21:25:00,1127,833,798,532
21:25:10,1309,749,651,616
21:25:20,1085,812,770,651
21:25:30,1155,791,896,532
21:25:40,1085,833,861,700
21:25:50,1113,735,854,630
21:26:00,1232,889,805,518
21:26:10,1148,1022,910,735
21:26:20,1260,854,952,707
21:26:30,1246,777,1029,644
21:26:40,1176,847,882,595
21:26:50,1260,826,798,595
21:27:00,1204,756,945,546
21:27:10,1127,784,896,539
21:27:20,1085,812,791,602
21:27:30,1071,742,889,609
21:27:40,1169,812,889,567
21:27:50,1036,910,784,560
21:28:00,1015,847,882,476
21:28:10,1036,693,826,532
21:28:20,1169,812,791,518
21:28:30,1232,812,721,518
21:28:40,1050,889,735,560
21:28:50,1148,770,833,567
21:29:00,980,882,1071,644
21:29:10,1043,805,889,658
21:29:20,1176,805,931,567
21:29:30,987,777,882,574
21:29:40,1008,910,826,651
21:29:50,1043,847,1022,630
21:30:00,1253,903,924,525
21:30:10,1064,742,938,574
21:30:20,1148,861,861,595
21:30:30,1071,833,812,623
21:30:40,938,812,917,623
21:30:50,931,686,826,511
21:31:00,1057,637,784,483
21:31:10,1218,812,1057,462
21:31:20,1239,791,812,700
21:31:30,1029,833,861,560
21:31:40,1043,833,819,602
21:31:50,952,868,875,623
21:32:00,896,833,896,602
21:32:10,1071,868,868,511
21:32:20,1092,833,770,581
21:32:30,1141,756,784,462
21:32:40,1176,840,889,553
21:32:50,1029,805,714,574
21:33:00,1155,826,833,469
21:33:10,1008,980,896,609
21:33:20,1036,819,840,616
21:33:30,1274,728,854,595
21:33:40,1281,945,952,644
21:33:50,1099,805,847,637
21:34:00,1120,924,959,574
21:34:10,1078,777,812,525
21:34:20,924,679,777,616
21:34:30,1183,952,812,700
21:34:40,924,777,805,560
21:34:50,931,840,980,574
21:35:00,1113,812,924,441
21:35:10,994,889,721,630
21:35:20,1148,819,882,539
21:35:30,1064,742,833,483
21:35:40,1092,714,882,532
21:35:50,1015,658,805,581
21:36:00,1211,637,777,504
21:36:10,1078,700,826,518
21:36:20,1022,798,903,504
21:36:30,1127,847,882,406
21:36:40,1043,700,665,497
21:36:50,1029,714,763,427
21:37:00,980,728,819,371
21:37:10,1057,770,840,574
21:37:20,1113,686,819,483
21:37:30,952,840,826,588
21:37:40,1155,791,693,504
21:37:50,987,784,903,560
21:38:00,994,763,742,518
21:38:10,1190,875,847,539
21:38:20,1029,798,805,497
21:38:30,1239,735,896,469
21:38:40,1036,735,1001,518
21:38:50,994,798,980,553
21:39:00,980,805,819,511
21:39:10,959,714,812,518
21:39:20,1064,917,854,574
21:39:30,1064,812,833,602
21:39:40,1197,889,833,560
21:39:50,1113,728,1071,497
21:40:00,917,693,840,497
21:40:10,1071,798,917,623
21:40:20,1155,840,756,546
21:40:30,903,616,889,511
21:40:40,1092,791,700,511
21:40:50,1197,749,749,539
21:41:00,980,833,679,637
21:41:10,1078,735,728,483
21:41:20,1162,707,742,567
21:41:30,1099,630,833,532
21:41:40,1022,868,770,490
21:41:50,931,637,707,483
21:42:00,980,833,791,630
21:42:10,1078,728,840,504
21:42:20,924,875,742,441
21:42:30,903,784,637,469
21:42:40,980,840,735,399
21:42:50,1134,770,812,616
21:43:00,945,686,798,518
21:43:10,819,728,679,504
21:43:20,1078,609,868,483
21:43:30,805,777,700,532
21:43:40,1008,819,707,441
21:43:50,1162,714,665,469
21:44:00,966,833,756,427
21:44:10,1050,875,770,581
21:44:20,910,763,609,476
21:44:30,1050,749,749,476
21:44:40,896,833,742,518
21:44:50,861,714,749,497
21:45:00,1057,770,742,532
21:45:10,987,840,721,567
21:45:20,1064,777,756,539
21:45:30,896,910,812,504
21:45:40,1106,756,973,539
21:45:50,903,791,763,511
21:46:00,1106,735,826,532
21:46:10,938,763,742,413
21:46:20,868,861,637,518
21:46:30,1127,819,707,532
21:46:40,1043,826,819,448
21:46:50,1099,854,959,490
21:47:00,1064,735,721,623
21:47:10,1057,1022,910,588
21:47:20,1148,784,770,665
21:47:30,1099,749,791,497
21:47:40,966,840,798,504
21:47:50,1092,763,693,602
21:48:00,994,805,798,427
21:48:10,1029,889,742,616
21:48:20,994,756,777,511
21:48:30,973,1015,672,462
21:48:40,819,896,686,539
21:48:50,980,707,595,476
21:49:00,798,805,819,441
21:49:10,868,868,833,623
21:49:20,903,735,826,665
21:49:30,994,805,861,546
21:49:40,952,721,784,427
21:49:50,966,784,812,567
21:50:00,1085,924,903,588
21:50:10,987,714,728,455
21:50:20,938,742,742,483
21:50:30,868,903,623,609
21:50:40,1029,1001,910,728
21:50:50,1057,994,980,609
21:51:00,938,742,910,567
21:51:10,889,966,875,581
21:51:20,1211,917,1043,665
21:51:30,980,945,889,637
21:51:40,1085,1043,994,609
21:51:50,987,931,938,602
21:52:00,1127,903,903,581
21:52:10,945,910,938,602
21:52:20,1141,903,917,588
21:52:30,959,847,840,623
21:52:40,1064,903,903,567
21:52:50,1232,875,700,637
21:53:00,1176,896,833,623
21:53:10,1176,917,1043,567
21:53:20,1113,910,966,504
21:53:30,896,889,770,595
21:53:40,903,854,861,574
21:53:50,973,833,847,567
21:54:00,1043,777,770,476
21:54:10,1029,875,847,532
21:54:20,952,889,812,574
21:54:30,1050,854,903,574
21:54:40,882,847,707,413
21:54:50,910,910,756,567
21:55:00,1078,819,791,546
21:55:10,798,840,791,539
21:55:20,1064,945,721,567
21:55:30,1134,742,812,525
21:55:40,819,812,693,630
21:55:50,1008,875,889,630
21:56:00,1057,784,861,581
21:56:10,1099,784,861,609
21:56:20,1078,693,756,462
21:56:30,1092,770,826,469
21:56:40,952,805,847,553
21:56:50,994,791,665,504
21:57:00,1050,805,812,483
21:57:10,1050,644,819,483
21:57:20,882,791,714,497
21:57:30,1015,819,693,581
21:57:40,945,763,847,595
21:57:50,966,770,819,560
21:58:00,924,805,658,504
21:58:10,959,728,812,560
21:58:20,966,714,854,525
21:58:30,1029,798,700,476
21:58:40,987,707,756,630
21:58:50,1099,728,798,539
21:59:00,917,777,840,546
21:59:10,833,812,868,637
21:59:20,931,819,763,637
21:59:30,1022,791,854,574
21:59:40,1022,679,840,546
21:59:50,945,595,882,532
22:00:00,980,805,798,553
22:00:10,1050,700,791,567
22:00:20,840,959,707,546
22:00:30,966,840,791,707
22:00:40,1022,847,854,574
22:00:50,1141,854,770,609
22:01:00,791,756,819,665
22:01:10,980,917,721,728
22:01:20,1085,931,987,581
22:01:30,994,980,910,714
22:01:40,1029,665,987,476
22:01:50,1043,847,987,665
22:02:00,1057,847,840,609
22:02:10,1015,896,952,679
22:02:20,987,798,861,518
22:02:30,924,770,728,560
22:02:40,938,672,868,525
22:02:50,896,735,826,462
22:03:00,952,756,868,525
22:03:10,1036,854,826,518
22:03:20,868,749,700,560
22:03:30,1008,917,875,644
22:03:40,903,693,728,504
22:03:50,980,700,861,504
22:04:00,1064,791,854,560
22:04:10,896,826,924,567
22:04:20,917,882,833,511
22:04:30,1001,714,756,476
22:04:40,854,707,896,525
22:04:50,1001,714,735,490
22:05:00,875,721,875,504
22:05:10,966,749,749,693
22:05:20,938,889,798,553
22:05:30,1036,763,672,483
22:05:40,924,742,644,539
22:05:50,847,728,777,434
22:06:00,931,693,819,609
22:06:10,973,637,763,539
22:06:20,889,658,854,560
22:06:30,994,798,910,483
22:06:40,1008,672,721,602
22:06:50,868,749,805,469
22:07:00,1008,714,756,560
22:07:10,854,567,728,399
22:07:20,910,539,728,441
22:07:30,1078,686,938,553
22:07:40,889,658,791,392
22:07:50,875,609,756,420
22:08:00,938,665,686,532
22:08:10,798,679,665,497
22:08:20,910,742,826,448
22:08:30,987,728,798,658
22:08:40,798,756,644,525
22:08:50,770,868,693,665
22:09:00,980,567,770,532
22:09:10,1029,763,777,525
22:09:20,931,714,728,434
22:09:30,896,812,714,595
22:09:40,1071,665,896,595
22:09:50,903,700,679,497
22:10:00,1029,693,728,448
22:10:10,903,721,798,630
22:10:20,945,623,882,609
22:10:30,749,756,679,539
22:10:40,980,700,805,441
22:10:50,917,728,693,441
22:11:00,882,609,609,497
22:11:10,868,700,721,420
22:11:20,1008,735,784,511
22:11:30,1008,651,686,497
22:11:40,861,525,742,434
22:11:50,805,735,714,448
22:12:00,1036,588,609,399
22:12:10,938,805,700,539
22:12:20,931,714,854,539
22:12:30,742,714,721,434
22:12:40,966,714,728,518
22:12:50,903,665,791,448
22:13:00,1022,644,763,595
22:13:10,840,546,749,497
22:13:20,1064,679,861,532
22:13:30,875,609,847,469
22:13:40,805,637,574,497
22:13:50,973,756,749,469
22:14:00,931,791,763,553
22:14:10,833,756,728,560
22:14:20,917,749,728,595
22:14:30,791,539,770,448
22:14:40,798,735,861,469
22:14:50,924,616,798,525
22:15:00,735,588,714,476
22:15:10,812,630,910,511
22:15:20,1001,742,861,581
22:15:30,805,644,791,567
22:15:40,798,735,784,413
22:15:50,896,616,707,427
22:16:00,917,623,658,525
22:16:10,980,686,686,476
22:16:20,868,672,735,595
22:16:30,805,602,798,427
22:16:40,973,560,686,511
22:16:50,861,539,749,462
22:17:00,854,728,602,441
22:17:10,966,651,644,413
22:17:20,798,518,728,497
22:17:30,791,497,483,434
22:17:40,833,469,819,378
22:17:50,826,672,686,539
22:18:00,833,546,679,427
22:18:10,896,560,735,483
22:18:20,840,588,644,455
22:18:30,763,525,693,434
22:18:40,931,595,658,427
22:18:50,826,518,679,497
22:19:00,868,574,623,413
22:19:10,791,588,630,434
22:19:20,770,588,714,539
22:19:30,868,609,588,511
22:19:40,882,686,637,469
22:19:50,756,588,749,406
22:20:00,777,658,756,406
22:20:10,826,770,700,623
22:20:20,896,728,651,574
22:20:30,763,679,721,462
22:20:40,868,637,791,462
22:20:50,854,637,609,504
22:21:00,798,644,679,448
22:21:10,875,644,644,504
22:21:20,777,539,595,413
22:21:30,742,567,595,525
22:21:40,798,616,693,371
22:21:50,903,616,679,511
22:22:00,742,770,777,602
22:22:10,707,497,658,420
22:22:20,966,658,560,581
22:22:30,833,567,665,490
22:22:40,875,770,595,532
22:22:50,777,672,749,511
22:23:00,644,623,672,490
22:23:10,945,686,679,420
22:23:20,854,595,700,511
22:23:30,805,770,686,525
22:23:40,777,840,707,581
22:23:50,693,574,679,399
22:24:00,693,518,700,399
22:24:10,777,637,707,490
22:24:20,798,574,672,406
22:24:30,770,525,693,511
22:24:40,672,700,602,413
22:24:50,742,693,455,441
22:25:00,728,693,693,469
22:25:10,903,637,658,448
22:25:20,749,728,609,469
22:25:30,924,686,679,462
22:25:40,861,518,546,420
22:25:50,728,630,707,434
22:26:00,889,623,567,427
22:26:10,728,672,595,434
22:26:20,728,497,630,455
22:26:30,805,525,707,399
22:26:40,770,511,714,448
22:26:50,735,546,602,469
22:27:00,693,693,686,406
22:27:10,868,560,623,462
22:27:20,721,567,658,413
22:27:30,826,581,567,371
22:27:40,665,532,623,427
22:27:50,805,567,630,469
22:28:00,763,476,651,413
22:28:10,728,616,700,525
22:28:20,777,490,616,413
22:28:30,784,581,567,441
22:28:40,714,637,679,427
22:28:50,644,595,644,434
22:29:00,707,413,623,343
22:29:10,805,721,602,420
22:29:20,742,553,749,504
22:29:30,812,532,749,476
22:29:40,770,476,679,392
22:29:50,707,595,623,392
22:30:00,679,609,742,532
22:30:10,896,588,728,497
22:30:20,805,511,630,490
22:30:30,812,630,693,476
22:30:40,707,728,679,665
22:30:50,875,616,686,413
22:31:00,749,686,602,476
22:31:10,763,644,532,483
22:31:20,924,546,644,469
22:31:30,819,553,686,462
22:31:40,756,448,735,399
22:31:50,749,609,700,490
22:32:00,777,525,644,462
22:32:10,791,532,616,448
22:32:20,791,595,679,476
22:32:30,882,497,728,357
22:32:40,735,630,623,434
22:32:50,756,504,651,441
22:33:00,819,574,581,406
22:33:10,763,518,588,448
22:33:20,721,560,700,406
22:33:30,882,658,651,504
22:33:40,1029,504,742,413
22:33:50,805,588,721,518
22:34:00,805,392,777,406
22:34:10,840,553,763,413
22:34:20,609,546,630,420
22:34:30,665,490,630,448
22:34:40,777,525,574,357
22:34:50,784,644,728,378
22:35:00,854,553,637,413
22:35:10,658,553,679,420
22:35:20,903,462,616,413
22:35:30,791,469,679,392
22:35:40,693,483,672,378
22:35:50,658,483,672,448
22:36:00,707,588,525,462
22:36:10,616,616,567,476
22:36:20,700,476,644,343
22:36:30,791,546,672,357
22:36:40,532,511,728,413
22:36:50,672,469,616,322
22:37:00,777,553,714,385
22:37:10,707,616,623,399
22:37:20,777,476,630,385
22:37:30,756,483,532,322
22:37:40,609,560,609,504
22:37:50,742,567,560,455
22:38:00,833,679,672,490
22:38:10,714,609,539,532
22:38:20,728,672,672,462
22:38:30,847,567,560,504
22:38:40,742,581,560,364
22:38:50,707,665,693,483
22:39:00,770,623,700,469
22:39:10,826,518,630,434
22:39:20,756,553,679,462
22:39:30,763,539,546,378
22:39:40,623,581,693,427
22:39:50,735,630,553,448
22:40:00,742,609,560,448
22:40:10,798,546,532,427
22:40:20,861,623,651,441
22:40:30,721,616,581,483
22:40:40,791,630,672,448
22:40:50,798,581,623,483
22:41:00,812,532,840,476
22:41:10,665,602,770,420
22:41:20,854,651,770,420
22:41:30,756,574,714,588
22:41:40,847,567,847,546
22:41:50,903,490,854,469
22:42:00,728,644,756,483
22:42:10,819,602,847,560
22:42:20,721,581,693,497
22:42:30,791,644,658,539
22:42:40,693,511,651,497
22:42:50,875,686,742,560
22:43:00,812,602,616,490
22:43:10,700,623,728,448
22:43:20,854,476,714,455
22:43:30,756,679,588,448
22:43:40,861,595,574,371
22:43:50,679,553,609,420
22:44:00,812,637,574,434
22:44:10,679,532,665,406
22:44:20,756,616,644,448
22:44:30,714,581,546,476
22:44:40,707,504,602,413
22:44:50,756,574,567,364
22:45:00,630,588,623,455
22:45:10,693,616,483,490
22:45:20,686,518,532,455
22:45:30,679,588,462,392
22:45:40,826,644,532,504
22:45:50,854,581,665,462
22:46:00,721,693,784,420
22:46:10,651,637,581,392
22:46:20,644,518,602,427
22:46:30,728,651,595,420
22:46:40,707,623,637,420
22:46:50,742,665,630,413
22:47:00,602,532,581,427
22:47:10,665,602,560,490
22:47:20,686,490,532,406
22:47:30,700,553,567,434
22:47:40,721,539,546,434
22:47:50,679,490,567,385
22:48:00,630,504,574,476
22:48:10,574,525,532,371
22:48:20,798,581,567,364
22:48:30,749,511,623,504
22:48:40,686,574,560,399
22:48:50,756,546,588,336
22:49:00,700,595,644,448
22:49:10,742,630,567,434
22:49:20,602,651,609,448
22:49:30,777,441,553,413
22:49:40,777,574,532,413
22:49:50,847,609,679,350
22:50:00,791,539,658,434
22:50:10,658,427,609,399
22:50:20,658,623,490,469
22:50:30,679,462,525,399
22:50:40,595,483,658,364
22:50:50,672,567,511,427
22:51:00,784,504,525,357
22:51:10,602,511,581,455
22:51:20,700,476,539,294
22:51:30,567,497,574,406
22:51:40,693,539,525,588
22:51:50,721,588,630,462
22:52:00,672,630,588,448
22:52:10,665,581,616,420
22:52:20,637,532,490,406
22:52:30,679,560,623,511
22:52:40,665,588,588,399
22:52:50,728,539,588,385
22:53:00,630,567,588,511
22:53:10,735,693,532,392
22:53:20,721,637,532,469
22:53:30,749,637,679,420
22:53:40,784,644,700,588
22:53:50,700,602,525,455
22:54:00,742,553,539,448
22:54:10,637,616,658,455
22:54:20,756,630,490,518
22:54:30,763,602,581,448
22:54:40,756,539,679,441
22:54:50,602,427,497,406
22:55:00,784,455,483,308
22:55:10,686,511,644,350
22:55:20,595,469,623,357
22:55:30,861,581,644,420
22:55:40,644,539,602,427
22:55:50,728,560,483,392
22:56:00,630,532,588,476
22:56:10,728,609,532,448
22:56:20,658,658,679,392
22:56:30,679,539,602,336
22:56:40,721,581,679,455
22:56:50,679,518,609,427
22:57:00,763,630,630,448
22:57:10,707,581,553,364
22:57:20,735,644,616,378
22:57:30,735,567,672,413
22:57:40,721,462,511,343
22:57:50,714,483,574,476
22:58:00,665,553,602,378
22:58:10,679,476,546,329
22:58:20,679,553,644,322
22:58:30,805,483,574,336
22:58:40,630,476,784,378
22:58:50,686,553,602,434
22:59:00,672,553,455,455
22:59:10,595,448,595,315
22:59:20,686,399,763,371
22:59:30,644,448,602,308
22:59:40,616,497,644,364
22:59:50,770,756,560,497
23:00:00,728,560,672,511
23:00:10,707,560,588,539
23:00:20,714,525,560,504
23:00:30,644,546,679,357
23:00:40,854,560,616,441
23:00:50,826,441,651,441
23:01:00,651,497,567,434
23:01:10,777,511,518,378
23:01:20,686,574,588,378
23:01:30,630,595,707,413
23:01:40,735,539,623,350
23:01:50,812,532,567,413
23:02:00,721,616,707,497
23:02:10,798,497,819,448
23:02:20,728,665,588,420
23:02:30,791,665,735,532
23:02:40,924,700,763,399
23:02:50,763,490,623,511
23:03:00,798,609,672,539
23:03:10,686,490,616,420
23:03:20,896,651,630,483
23:03:30,637,532,672,441
23:03:40,749,560,777,476
23:03:50,763,518,735,399
23:04:00,742,574,602,294
23:04:10,714,462,672,469
23:04:20,770,497,644,294
23:04:30,826,616,707,518
23:04:40,847,630,833,448
23:04:50,630,511,672,392
23:05:00,742,609,588,406
23:05:10,651,602,532,399
23:05:20,889,595,784,420
23:05:30,672,525,798,434
23:05:40,728,476,651,350
23:05:50,721,490,714,441
23:06:00,637,399,630,273
23:06:10,791,574,637,301
23:06:20,686,616,560,434
23:06:30,777,532,581,469
23:06:40,791,588,672,357
23:06:50,868,483,658,287
23:07:00,777,546,588,455
23:07:10,777,560,637,378
23:07:20,658,511,693,385
23:07:30,763,623,420,441
23:07:40,693,560,679,385
23:07:50,735,385,560,322
23:08:00,588,455,490,329
23:08:10,735,399,616,315
23:08:20,742,560,609,357
23:08:30,805,511,616,406
23:08:40,658,511,623,406
23:08:50,679,616,553,420
23:09:00,714,490,637,427
23:09:10,840,406,567,406
23:09:20,707,532,609,392
23:09:30,784,483,672,350
23:09:40,756,434,609,399
23:09:50,735,574,623,462
23:10:00,784,448,595,497
23:10:10,896,567,539,469
23:10:20,686,560,609,420
23:10:30,637,539,644,504
23:10:40,735,511,567,448
23:10:50,728,455,623,392
23:11:00,770,483,609,315
23:11:10,665,518,658,336
23:11:20,728,406,672,371
23:11:30,735,518,602,413
23:11:40,861,497,651,420
23:11:50,651,532,567,413
23:12:00,763,350,665,399
23:12:10,707,700,595,364
23:12:20,756,469,553,364
23:12:30,693,483,532,448
23:12:40,812,623,504,469
23:12:50,819,560,483,462
23:13:00,728,490,721,406
23:13:10,644,581,637,441
23:13:20,749,560,742,399
23:13:30,735,504,518,392
23:13:40,707,546,574,462
23:13:50,742,525,623,378
23:14:00,686,497,749,420
23:14:10,777,532,560,413
23:14:20,728,525,490,434
23:14:30,707,434,504,371
23:14:40,861,525,595,434
23:14:50,574,651,546,441
23:15:00,693,560,609,371
23:15:10,672,462,560,434
23:15:20,679,567,525,434
23:15:30,672,560,665,511
23:15:40,728,476,336,392
23:15:50,728,532,553,462
23:16:00,658,567,518,441
23:16:10,651,623,644,441
23:16:20,595,469,455,315
23:16:30,609,525,665,469
23:16:40,665,504,560,364
23:16:50,630,553,462,399
23:17:00,721,532,637,427
23:17:10,679,574,553,455
23:17:20,630,504,490,406
23:17:30,686,518,574,350
23:17:40,651,462,546,434
23:17:50,588,413,581,364
23:18:00,658,462,511,378
23:18:10,651,469,525,350
23:18:20,665,504,462,357
23:18:30,651,665,644,448
23:18:40,581,490,560,364
23:18:50,665,546,581,462
23:19:00,791,567,553,476
23:19:10,707,567,518,315
23:19:20,525,532,504,336
23:19:30,644,434,497,392
23:19:40,735,539,525,448
23:19:50,693,385,539,357
23:20:00,721,588,483,441
23:20:10,735,427,672,308
23:20:20,707,595,609,329
23:20:30,679,532,651,252
23:20:40,609,574,532,490
23:20:50,707,574,574,532
23:21:00,658,525,539,413
23:21:10,707,497,476,322
23:21:20,581,490,539,448
23:21:30,819,588,574,308
23:21:40,784,490,630,336
23:21:50,735,518,511,371
23:22:00,651,630,455,357
23:22:10,560,441,574,357
23:22:20,651,532,602,399
23:22:30,679,623,483,455
23:22:40,672,553,602,378
23:22:50,644,644,553,525
23:23:00,616,532,427,399
23:23:10,693,539,525,406
23:23:20,609,532,525,378
23:23:30,567,574,588,371
23:23:40,651,434,504,350
23:23:50,721,574,504,399
23:24:00,595,567,588,434
23:24:10,679,525,637,476
23:24:20,693,595,553,462
23:24:30,742,525,483,448
23:24:40,672,497,581,469
23:24:50,672,413,581,427
23:25:00,658,602,609,378
23:25:10,623,574,546,420
23:25:20,756,567,532,399
23:25:30,623,420,616,385
23:25:40,700,476,504,364
23:25:50,581,420,532,350
23:26:00,714,518,497,329
23:26:10,602,448,504,364
23:26:20,847,483,588,406
23:26:30,700,448,581,413
23:26:40,756,469,483,371
23:26:50,679,420,476,294
23:27:00,511,385,560,371
23:27:10,735,483,553,364
23:27:20,644,392,476,378
23:27:30,630,539,567,399
23:27:40,567,441,525,413
23:27:50,714,462,532,287
23:28:00,581,504,553,441
23:28:10,819,441,609,343
23:28:20,623,539,518,434
23:28:30,679,476,525,301
23:28:40,721,455,532,357
23:28:50,616,476,476,322
23:29:00,686,497,539,308
23:29:10,686,462,469,301
23:29:20,609,518,455,441
23:29:30,588,462,469,350
23:29:40,686,441,560,294
23:29:50,651,602,546,420
23:30:00,763,462,602,266
23:30:10,644,651,518,406
23:30:20,595,581,539,336
23:30:30,826,448,504,371
23:30:40,651,455,574,336
23:30:50,602,441,448,378
23:31:00,609,469,483,434
23:31:10,644,518,525,434
23:31:20,756,455,609,294
23:31:30,693,441,476,385
23:31:40,714,483,560,287
23:31:50,560,497,623,350
23:32:00,672,448,546,273
23:32:10,637,476,469,308
23:32:20,658,504,399,343
23:32:30,665,483,525,343
23:32:40,581,413,469,308
23:32:50,693,490,511,364
23:33:00,721,490,469,343
23:33:10,630,490,462,406
23:33:20,665,434,511,329
23:33:30,665,434,455,357
23:33:40,665,504,672,350
23:33:50,658,469,476,413
23:34:00,609,504,546,357
23:34:10,700,560,455,441
23:34:20,630,574,427,280
23:34:30,679,525,637,378
23:34:40,658,539,630,420
23:34:50,756,532,539,322
23:35:00,756,525,553,392
23:35:10,742,546,609,385
23:35:20,686,581,560,315
23:35:30,602,525,497,294
23:35:40,602,497,525,357
23:35:50,658,490,455,329
23:36:00,651,504,483,336
23:36:10,735,490,518,315
23:36:20,630,455,595,350
23:36:30,595,406,441,266
23:36:40,644,462,448,238
23:36:50,658,588,574,322
23:37:00,602,455,476,322
23:37:10,623,553,539,427
23:37:20,693,448,469,301
23:37:30,714,476,609,336
23:37:40,623,532,511,420
23:37:50,567,441,497,357
23:38:00,595,497,581,399
23:38:10,686,441,511,322
23:38:20,658,476,441,322
23:38:30,553,462,539,329
23:38:40,595,469,385,357
23:38:50,560,518,434,427
23:39:00,644,518,434,301
23:39:10,686,392,455,280
23:39:20,602,462,469,322
23:39:30,595,525,427,385
23:39:40,644,455,427,322
23:39:50,616,406,462,385
23:40:00,567,441,462,329
23:40:10,749,462,504,308
23:40:20,665,483,476,329
23:40:30,609,399,483,308
23:40:40,609,504,469,357
23:40:50,651,497,560,322
23:41:00,588,532,532,357
23:41:10,728,427,420,357
23:41:20,581,378,406,315
23:41:30,630,511,609,343
23:41:40,602,406,609,322
23:41:50,588,476,595,350
23:42:00,693,420,588,350
23:42:10,525,392,574,364
23:42:20,532,525,525,406
23:42:30,665,504,567,427
23:42:40,553,504,546,364
23:42:50,763,420,504,343
23:43:00,693,490,525,406
23:43:10,637,567,504,364
23:43:20,574,455,420,413
23:43:30,602,406,448,252
23:43:40,553,532,497,329
23:43:50,609,525,511,392
23:44:00,504,448,462,378
23:44:10,630,385,504,434
23:44:20,567,469,427,336
23:44:30,588,462,567,315
23:44:40,532,364,406,329
23:44:50,623,483,483,357
23:45:00,539,420,553,343
23:45:10,553,399,448,336
23:45:20,553,518,441,371
23:45:30,686,448,434,350
23:45:40,595,406,357,301
23:45:50,784,483,483,406
23:46:00,546,497,574,357
23:46:10,658,441,532,357
23:46:20,707,518,574,357
23:46:30,567,427,427,322
23:46:40,581,497,525,371
23:46:50,588,553,448,343
23:47:00,623,434,448,385
23:47:10,504,413,560,315
23:47:20,658,371,518,329
23:47:30,497,623,441,420
23:47:40,560,427,476,273
23:47:50,560,525,406,336
23:48:00,581,322,441,287
23:48:10,476,434,497,329
23:48:20,595,490,504,399
23:48:30,476,434,497,336
23:48:40,637,378,462,371
23:48:50,511,441,420,329
23:49:00,602,490,553,350
23:49:10,567,434,455,364
23:49:20,630,378,413,336
23:49:30,616,441,532,350
23:49:40,532,392,413,343
23:49:50,532,399,406,308
23:50:00,637,567,574,392
23:50:10,623,462,539,294
23:50:20,476,462,441,343
23:50:30,553,434,406,343
23:50:40,574,525,539,392
23:50:50,490,581,483,392
23:51:00,511,483,504,385
23:51:10,630,399,462,301
23:51:20,518,581,434,455
23:51:30,553,525,399,357
23:51:40,560,581,462,469
23:51:50,553,483,490,392
23:52:00,539,567,427,448
23:52:10,483,350,441,322
23:52:20,511,588,525,406
23:52:30,518,441,476,364
23:52:40,539,266,427,280
23:52:50,525,539,455,378
23:53:00,483,343,462,287
23:53:10,448,483,455,329
23:53:20,546,441,392,252
23:53:30,546,385,364,364
23:53:40,560,483,350,336
23:53:50,497,455,413,238
23:54:00,567,490,483,371
23:54:10,511,469,574,350
23:54:20,441,427,476,308
23:54:30,518,455,413,385
23:54:40,532,399,420,392
23:54:50,525,532,504,406
23:55:00,574,455,497,252
23:55:10,518,581,427,455
23:55:20,602,434,532,322
23:55:30,553,420,399,378
23:55:40,469,378,441,350
23:55:50,448,399,413,301
23:56:00,413,392,441,364
23:56:10,455,420,539,357
23:56:20,483,518,455,448
23:56:30,490,490,392,378
23:56:40,490,525,399,490
23:56:50,539,504,371,462
23:57:00,504,406,427,364
23:57:10,399,483,385,413
23:57:20,546,434,448,364
23:57:30,490,462,406,259
23:57:40,455,427,378,406
23:57:50,420,462,406,378
23:58:00,441,511,329,434
23:58:10,385,504,364,441
23:58:20,420,518,294,385
23:58:30,280,427,357,350
23:58:40,315,427,280,322
23:58:50,231,413,252,322
23:59:00,294,539,266,504
23:59:10,287,343,224,329
23:59:20,133,462,175,364
23:59:30,70,322,105,287
23:59:40,28,273,7,175
23:59:50,7,70,0,91
